Beneficiary_ID,Gender,Age,District,State,Program_Name,Program_Date,Workshop_Hours,Program_Cost,Completion_Status,Pre_Assessment_Score,Post_Assessment_Score,Improvement_Percentage,Employment_Status,Outcome_Status
B1001,Male,41,Roorkee,Uttarakhand,Digital Literacy,2025-05-27,4,3574,Completed,49,64,30.61,Employed,Improved
B1002,Male,34,Udham Singh Nagar,Uttarakhand,Digital Literacy,2025-10-31,6,3026,Completed,60,88,46.67,Employed,Improved
B1003,Male,32,Dehradun,Uttarakhand,Skill Development,2024-03-03,4,4941,Completed,52,77,48.08,Employed,Improved
B1004,Male,31,Nainital,Uttarakhand,Skill Development,2025-06-11,4,1689,Completed,45,62,37.78,Employed,Improved
B1005,Female,34,Dehradun,Uttarakhand,Digital Literacy,2024-08-25,6,4358,Completed,50,59,18.0,Employed,Not Improved
B1006,Male,35,Roorkee,Uttarakhand,Employment Readiness,2024-08-16,6,1998,Completed,20,33,65.0,Unemployed,Improved
B1007,Male,39,Roorkee,Uttarakhand,Skill Development,2024-11-20,4,3231,Completed,61,83,36.07,Employed,Improved
B1008,Female,20,Udham Singh Nagar,Uttarakhand,Skill Development,2025-05-11,8,1376,Completed,28,34,21.43,Unemployed,Improved
B1009,Male,27,Roorkee,Uttarakhand,Employment Readiness,2025-08-29,8,4422,Completed,42,78,85.71,Unemployed,Improved
B1010,Male,45,Haridwar,Uttarakhand,Employment Readiness,2025-11-07,8,2446,Completed,44,54,22.73,Unemployed,Improved
B1011,Male,22,Roorkee,Uttarakhand,Employment Readiness,2024-09-18,8,3910,Completed,38,72,89.47,Employed,Improved
B1012,Female,29,Haridwar,Uttarakhand,Digital Literacy,2024-01-15,6,4656,Completed,50,75,50.0,Unemployed,Improved
B1013,Female,20,Dehradun,Uttarakhand,Employment Readiness,2025-11-21,6,4079,Completed,29,54,86.21,Unemployed,Improved
B1014,Female,32,Roorkee,Uttarakhand,Digital Literacy,2024-04-10,4,4033,Completed,59,79,33.9,Unemployed,Improved
B1015,Female,25,Nainital,Uttarakhand,Employment Readiness,2025-07-29,8,3626,Completed,36,65,80.56,Unemployed,Improved
B1016,Female,41,Haridwar,Uttarakhand,Digital Literacy,2025-07-16,8,3313,Completed,42,64,52.38,Unemployed,Improved
B1017,Female,26,Dehradun,Uttarakhand,Digital Literacy,2024-02-05,4,1413,Completed,20,39,95.0,Unemployed,Improved
B1018,Female,41,Haridwar,Uttarakhand,Digital Literacy,2024-10-13,8,1147,Completed,61,96,57.38,Employed,Improved
B1019,Male,31,Nainital,Uttarakhand,Digital Literacy,2025-12-01,8,3712,Completed,33,57,72.73,Employed,Improved
B1020,Female,35,Nainital,Uttarakhand,Employment Readiness,2025-01-23,4,1141,Completed,29,38,31.03,Employed,Improved
B1021,Male,18,Nainital,Uttarakhand,Skill Development,2024-07-30,6,4485,Completed,67,75,11.94,Employed,Not Improved
B1022,Female,28,Haridwar,Uttarakhand,Digital Literacy,2024-10-31,4,3918,Completed,46,74,60.87,Unemployed,Improved
B1023,Female,28,Dehradun,Uttarakhand,Skill Development,2024-06-03,6,1931,Completed,26,40,53.85,Unemployed,Improved
B1024,Female,21,Dehradun,Uttarakhand,Digital Literacy,2024-11-30,8,4552,Completed,26,46,76.92,Employed,Improved
B1025,Female,39,Dehradun,Uttarakhand,Digital Literacy,2024-09-07,6,2807,Completed,64,97,51.56,Employed,Improved
B1026,Female,27,Haridwar,Uttarakhand,Employment Readiness,2025-03-18,6,1428,Completed,37,67,81.08,Employed,Improved
B1027,Female,22,Nainital,Uttarakhand,Employment Readiness,2025-07-06,6,2359,Completed,32,39,21.88,Unemployed,Improved
B1028,Male,35,Nainital,Uttarakhand,Skill Development,2024-05-23,4,3324,Completed,36,43,19.44,Employed,Not Improved
B1029,Male,38,Nainital,Uttarakhand,Digital Literacy,2024-01-25,4,2686,Completed,54,90,66.67,Unemployed,Improved
B1030,Female,43,Roorkee,Uttarakhand,Digital Literacy,2025-04-14,8,4688,Completed,34,62,82.35,Unemployed,Improved
B1031,Male,26,Haridwar,Uttarakhand,Skill Development,2025-02-23,4,4661,Completed,58,96,65.52,Employed,Improved
B1032,Female,25,Haridwar,Uttarakhand,Digital Literacy,2025-03-18,8,1190,Completed,46,76,65.22,Employed,Improved
B1033,Male,41,Nainital,Uttarakhand,Digital Literacy,2024-10-08,6,1453,Completed,53,74,39.62,Unemployed,Improved
B1034,Male,38,Dehradun,Uttarakhand,Skill Development,2024-09-28,6,1379,Completed,21,61,190.48,Employed,Improved
B1035,Male,25,Nainital,Uttarakhand,Digital Literacy,2024-08-19,4,3059,Incomplete,64,90,40.62,Employed,Improved
B1036,Male,25,Haridwar,Uttarakhand,Skill Development,2025-06-30,6,3899,Incomplete,46,76,65.22,Unemployed,Improved
B1037,Male,18,Dehradun,Uttarakhand,Skill Development,2024-02-02,4,2851,Completed,69,81,17.39,Unemployed,Not Improved
B1038,Male,19,Haridwar,Uttarakhand,Digital Literacy,2024-09-07,4,3657,Completed,67,90,34.33,Employed,Improved
B1039,Female,35,Roorkee,Uttarakhand,Digital Literacy,2024-06-26,6,2943,Completed,27,61,125.93,Unemployed,Improved
B1040,Female,36,Udham Singh Nagar,Uttarakhand,Employment Readiness,2024-06-20,4,2134,Completed,27,41,51.85,Unemployed,Improved
B1041,Female,34,Nainital,Uttarakhand,Employment Readiness,2024-06-13,6,3536,Completed,58,76,31.03,Unemployed,Improved
B1042,Male,44,Nainital,Uttarakhand,Digital Literacy,2024-09-05,4,3195,Completed,45,67,48.89,Unemployed,Improved
B1043,Female,20,Dehradun,Uttarakhand,Digital Literacy,2024-05-28,6,1321,Incomplete,23,62,169.57,Employed,Improved
B1044,Female,19,Nainital,Uttarakhand,Skill Development,2024-10-03,4,2497,Completed,28,42,50.0,Employed,Improved
B1045,Female,29,Haridwar,Uttarakhand,Digital Literacy,2025-07-02,4,3645,Completed,36,56,55.56,Employed,Improved
B1046,Male,36,Dehradun,Uttarakhand,Skill Development,2025-08-07,6,4264,Completed,41,59,43.9,Unemployed,Improved
B1047,Male,19,Udham Singh Nagar,Uttarakhand,Digital Literacy,2024-09-09,6,4354,Completed,47,52,10.64,Unemployed,Not Improved
B1048,Male,26,Nainital,Uttarakhand,Employment Readiness,2024-01-13,8,4550,Completed,64,70,9.38,Unemployed,Not Improved
B1049,Female,37,Nainital,Uttarakhand,Employment Readiness,2025-04-19,8,4105,Completed,31,71,129.03,Employed,Improved
B1050,Male,45,Haridwar,Uttarakhand,Employment Readiness,2024-10-25,8,1938,Completed,45,69,53.33,Employed,Improved
B1051,Female,32,Nainital,Uttarakhand,Employment Readiness,2025-09-07,6,4679,Incomplete,51,70,37.25,Unemployed,Improved
B1052,Male,22,Dehradun,Uttarakhand,Employment Readiness,2024-10-03,6,2154,Completed,48,62,29.17,Unemployed,Improved
B1053,Male,43,Nainital,Uttarakhand,Employment Readiness,2025-09-24,8,1234,Completed,48,58,20.83,Unemployed,Improved
B1054,Male,43,Udham Singh Nagar,Uttarakhand,Employment Readiness,2025-12-10,6,1140,Completed,66,77,16.67,Employed,Not Improved
B1055,Male,37,Dehradun,Uttarakhand,Digital Literacy,2025-12-26,4,2671,Completed,58,69,18.97,Employed,Not Improved
B1056,Male,28,Dehradun,Uttarakhand,Skill Development,2024-06-03,4,2949,Completed,41,81,97.56,Unemployed,Improved
B1057,Female,20,Dehradun,Uttarakhand,Skill Development,2025-05-23,6,1190,Completed,65,99,52.31,Unemployed,Improved
B1058,Female,44,Nainital,Uttarakhand,Employment Readiness,2024-06-08,4,4224,Completed,29,44,51.72,Unemployed,Improved
B1059,Female,21,Haridwar,Uttarakhand,Skill Development,2024-01-03,6,1403,Completed,68,80,17.65,Unemployed,Not Improved
B1060,Male,22,Nainital,Uttarakhand,Employment Readiness,2025-08-15,4,3109,Completed,46,58,26.09,Employed,Improved
B1061,Male,44,Nainital,Uttarakhand,Digital Literacy,2025-01-11,8,4634,Completed,56,72,28.57,Unemployed,Improved
B1062,Male,44,Roorkee,Uttarakhand,Employment Readiness,2025-02-18,6,2924,Completed,35,40,14.29,Unemployed,Not Improved
B1063,Female,18,Nainital,Uttarakhand,Digital Literacy,2025-12-13,8,2531,Completed,27,36,33.33,Unemployed,Improved
B1064,Female,20,Haridwar,Uttarakhand,Employment Readiness,2025-01-25,8,2087,Completed,61,96,57.38,Employed,Improved
B1065,Female,22,Haridwar,Uttarakhand,Skill Development,2025-03-31,4,4671,Completed,44,80,81.82,Unemployed,Improved
B1066,Female,27,Dehradun,Uttarakhand,Digital Literacy,2025-07-11,6,1224,Completed,36,47,30.56,Unemployed,Improved
B1067,Male,38,Dehradun,Uttarakhand,Digital Literacy,2024-08-03,4,2468,Completed,24,50,108.33,Unemployed,Improved
B1068,Female,40,Haridwar,Uttarakhand,Employment Readiness,2025-04-07,8,3175,Completed,29,40,37.93,Unemployed,Improved
B1069,Male,19,Roorkee,Uttarakhand,Skill Development,2025-01-09,4,4635,Incomplete,41,64,56.1,Unemployed,Improved
B1070,Female,38,Haridwar,Uttarakhand,Skill Development,2025-01-07,4,1863,Completed,28,46,64.29,Employed,Improved
B1071,Male,33,Udham Singh Nagar,Uttarakhand,Skill Development,2025-11-24,4,4190,Completed,44,77,75.0,Employed,Improved
B1072,Female,37,Dehradun,Uttarakhand,Employment Readiness,2025-03-15,6,4650,Completed,22,54,145.45,Employed,Improved
B1073,Male,35,Haridwar,Uttarakhand,Skill Development,2025-08-31,8,2504,Completed,23,34,47.83,Employed,Improved
B1074,Male,41,Haridwar,Uttarakhand,Digital Literacy,2024-03-17,6,3911,Completed,21,43,104.76,Unemployed,Improved
B1075,Female,33,Dehradun,Uttarakhand,Digital Literacy,2024-08-14,4,2533,Completed,31,62,100.0,Employed,Improved
B1076,Male,20,Dehradun,Uttarakhand,Employment Readiness,2024-08-09,6,2213,Completed,43,81,88.37,Employed,Improved
B1077,Female,37,Roorkee,Uttarakhand,Skill Development,2024-06-14,6,3997,Completed,25,30,20.0,Unemployed,Improved
B1078,Female,32,Roorkee,Uttarakhand,Skill Development,2024-02-17,6,4604,Completed,63,71,12.7,Unemployed,Not Improved
B1079,Male,21,Dehradun,Uttarakhand,Digital Literacy,2025-05-15,4,2634,Completed,48,56,16.67,Unemployed,Not Improved
B1080,Male,39,Roorkee,Uttarakhand,Digital Literacy,2025-08-24,4,3137,Completed,57,85,49.12,Unemployed,Improved
B1081,Male,32,Roorkee,Uttarakhand,Skill Development,2024-06-24,4,4776,Completed,28,48,71.43,Unemployed,Improved
B1082,Male,44,Dehradun,Uttarakhand,Employment Readiness,2024-03-23,6,2121,Completed,61,100,63.93,Employed,Improved
B1083,Male,35,Roorkee,Uttarakhand,Employment Readiness,2024-08-28,8,3794,Completed,65,83,27.69,Employed,Improved
B1084,Female,36,Udham Singh Nagar,Uttarakhand,Digital Literacy,2024-01-03,6,1503,Completed,59,67,13.56,Unemployed,Not Improved
B1085,Female,37,Udham Singh Nagar,Uttarakhand,Digital Literacy,2024-09-23,4,4670,Completed,61,100,63.93,Employed,Improved
B1086,Male,41,Udham Singh Nagar,Uttarakhand,Digital Literacy,2025-01-26,6,3667,Completed,46,69,50.0,Employed,Improved
B1087,Female,28,Dehradun,Uttarakhand,Skill Development,2025-10-24,4,1607,Incomplete,28,66,135.71,Employed,Improved
B1088,Male,25,Dehradun,Uttarakhand,Skill Development,2024-08-23,8,2461,Completed,41,57,39.02,Employed,Improved
B1089,Female,38,Dehradun,Uttarakhand,Skill Development,2025-12-19,6,2305,Completed,64,69,7.81,Unemployed,Not Improved
B1090,Male,27,Haridwar,Uttarakhand,Digital Literacy,2025-05-07,6,4340,Completed,26,61,134.62,Unemployed,Improved
B1091,Female,29,Haridwar,Uttarakhand,Skill Development,2025-10-16,8,4358,Completed,61,67,9.84,Unemployed,Not Improved
B1092,Male,20,Nainital,Uttarakhand,Skill Development,2025-06-01,4,2508,Completed,20,37,85.0,Unemployed,Improved
B1093,Female,32,Udham Singh Nagar,Uttarakhand,Employment Readiness,2024-02-10,4,3466,Incomplete,28,44,57.14,Employed,Improved
B1094,Male,38,Udham Singh Nagar,Uttarakhand,Skill Development,2024-06-08,6,2954,Completed,39,57,46.15,Unemployed,Improved
B1095,Female,45,Roorkee,Uttarakhand,Digital Literacy,2025-11-19,6,4593,Completed,38,63,65.79,Employed,Improved
B1096,Male,22,Roorkee,Uttarakhand,Skill Development,2025-02-28,6,1924,Incomplete,58,63,8.62,Unemployed,Not Improved
B1097,Female,33,Haridwar,Uttarakhand,Digital Literacy,2024-07-30,6,3308,Incomplete,43,72,67.44,Unemployed,Improved
B1098,Female,20,Roorkee,Uttarakhand,Employment Readiness,2025-04-23,4,3358,Completed,36,70,94.44,Unemployed,Improved
B1099,Female,31,Roorkee,Uttarakhand,Employment Readiness,2025-07-11,6,4952,Incomplete,25,36,44.0,Employed,Improved
B1100,Male,24,Roorkee,Uttarakhand,Employment Readiness,2025-09-02,6,3905,Completed,30,38,26.67,Employed,Improved
B1101,Male,40,Nainital,Uttarakhand,Skill Development,2024-08-27,4,3028,Completed,65,92,41.54,Unemployed,Improved
B1102,Female,40,Haridwar,Uttarakhand,Digital Literacy,2025-06-14,4,4559,Completed,50,75,50.0,Unemployed,Improved
B1103,Female,23,Haridwar,Uttarakhand,Skill Development,2024-01-07,6,4858,Completed,20,37,85.0,Unemployed,Improved
B1104,Female,34,Udham Singh Nagar,Uttarakhand,Employment Readiness,2025-10-13,8,1166,Completed,25,52,108.0,Unemployed,Improved
B1105,Female,23,Roorkee,Uttarakhand,Employment Readiness,2024-09-14,8,4703,Completed,37,68,83.78,Unemployed,Improved
B1106,Female,30,Roorkee,Uttarakhand,Employment Readiness,2025-07-21,8,1828,Incomplete,51,85,66.67,Employed,Improved
B1107,Male,30,Udham Singh Nagar,Uttarakhand,Employment Readiness,2025-10-11,4,3757,Completed,45,61,35.56,Employed,Improved
B1108,Male,21,Nainital,Uttarakhand,Digital Literacy,2024-01-21,4,4244,Completed,25,63,152.0,Unemployed,Improved
B1109,Female,45,Dehradun,Uttarakhand,Employment Readiness,2025-09-02,8,2810,Incomplete,33,58,75.76,Employed,Improved
B1110,Female,20,Nainital,Uttarakhand,Employment Readiness,2024-03-28,8,4260,Completed,61,68,11.48,Unemployed,Not Improved
B1111,Male,21,Roorkee,Uttarakhand,Digital Literacy,2024-12-25,8,3314,Completed,28,46,64.29,Unemployed,Improved
B1112,Female,35,Dehradun,Uttarakhand,Digital Literacy,2024-04-23,4,2674,Completed,29,38,31.03,Unemployed,Improved
B1113,Female,20,Dehradun,Uttarakhand,Skill Development,2025-08-20,8,1163,Completed,34,58,70.59,Employed,Improved
B1114,Female,32,Roorkee,Uttarakhand,Digital Literacy,2025-06-28,6,4118,Incomplete,70,100,42.86,Employed,Improved
B1115,Male,44,Udham Singh Nagar,Uttarakhand,Skill Development,2024-07-17,4,4379,Incomplete,28,45,60.71,Employed,Improved
B1116,Female,25,Udham Singh Nagar,Uttarakhand,Skill Development,2024-07-04,8,1094,Incomplete,66,81,22.73,Unemployed,Improved
B1117,Male,19,Dehradun,Uttarakhand,Employment Readiness,2025-07-24,6,2691,Completed,57,83,45.61,Unemployed,Improved
B1118,Male,30,Udham Singh Nagar,Uttarakhand,Employment Readiness,2024-09-06,8,1605,Completed,30,70,133.33,Unemployed,Improved
B1119,Male,36,Roorkee,Uttarakhand,Employment Readiness,2025-02-09,6,4751,Completed,37,76,105.41,Employed,Improved
B1120,Male,41,Haridwar,Uttarakhand,Digital Literacy,2025-05-04,8,4800,Completed,62,79,27.42,Employed,Improved
B1121,Male,30,Haridwar,Uttarakhand,Employment Readiness,2024-04-26,6,1599,Completed,70,93,32.86,Employed,Improved
B1122,Male,38,Haridwar,Uttarakhand,Employment Readiness,2025-05-19,6,1259,Completed,24,55,129.17,Unemployed,Improved
B1123,Male,25,Nainital,Uttarakhand,Employment Readiness,2024-10-11,4,1468,Completed,21,56,166.67,Unemployed,Improved
B1124,Male,20,Haridwar,Uttarakhand,Skill Development,2024-09-11,6,1183,Completed,33,46,39.39,Employed,Improved
B1125,Male,37,Roorkee,Uttarakhand,Digital Literacy,2025-05-27,8,4324,Completed,31,50,61.29,Employed,Improved
B1126,Female,22,Nainital,Uttarakhand,Employment Readiness,2024-09-27,8,2206,Completed,58,87,50.0,Unemployed,Improved
B1127,Female,29,Udham Singh Nagar,Uttarakhand,Skill Development,2025-05-19,4,3252,Completed,36,66,83.33,Employed,Improved
B1128,Female,41,Haridwar,Uttarakhand,Digital Literacy,2024-06-13,8,1921,Completed,50,59,18.0,Unemployed,Not Improved
B1129,Male,44,Haridwar,Uttarakhand,Digital Literacy,2024-11-08,6,3983,Incomplete,42,55,30.95,Unemployed,Improved
B1130,Female,22,Udham Singh Nagar,Uttarakhand,Digital Literacy,2025-05-10,6,2715,Completed,22,40,81.82,Unemployed,Improved
B1131,Male,31,Dehradun,Uttarakhand,Skill Development,2025-12-14,4,4525,Completed,42,77,83.33,Unemployed,Improved
B1132,Female,29,Dehradun,Uttarakhand,Digital Literacy,2025-10-28,6,1320,Completed,38,59,55.26,Employed,Improved
B1133,Male,44,Haridwar,Uttarakhand,Skill Development,2024-07-05,4,1188,Completed,49,85,73.47,Unemployed,Improved
B1134,Male,28,Udham Singh Nagar,Uttarakhand,Employment Readiness,2025-07-14,8,1448,Completed,60,85,41.67,Unemployed,Improved
B1135,Female,39,Udham Singh Nagar,Uttarakhand,Digital Literacy,2025-04-03,6,3666,Completed,32,71,121.88,Unemployed,Improved
B1136,Female,20,Nainital,Uttarakhand,Skill Development,2024-07-04,6,3547,Incomplete,48,67,39.58,Employed,Improved
B1137,Female,21,Haridwar,Uttarakhand,Digital Literacy,2025-04-10,6,1825,Completed,29,62,113.79,Unemployed,Improved
B1138,Female,33,Nainital,Uttarakhand,Skill Development,2025-06-14,8,2913,Completed,44,55,25.0,Employed,Improved
B1139,Female,39,Nainital,Uttarakhand,Employment Readiness,2024-11-19,4,3681,Completed,55,65,18.18,Unemployed,Not Improved
B1140,Male,29,Nainital,Uttarakhand,Skill Development,2025-01-30,8,4910,Completed,33,67,103.03,Unemployed,Improved
B1141,Female,45,Roorkee,Uttarakhand,Digital Literacy,2024-05-24,4,4148,Completed,34,62,82.35,Employed,Improved
B1142,Male,31,Dehradun,Uttarakhand,Digital Literacy,2025-02-22,6,1031,Completed,62,68,9.68,Unemployed,Not Improved
B1143,Female,39,Udham Singh Nagar,Uttarakhand,Digital Literacy,2024-01-29,8,3479,Completed,70,84,20.0,Unemployed,Improved
B1144,Male,26,Roorkee,Uttarakhand,Employment Readiness,2024-03-10,8,4666,Incomplete,29,54,86.21,Unemployed,Improved
B1145,Female,42,Nainital,Uttarakhand,Employment Readiness,2024-04-07,8,3041,Completed,39,78,100.0,Employed,Improved
B1146,Female,23,Dehradun,Uttarakhand,Digital Literacy,2025-06-20,6,2205,Completed,24,29,20.83,Employed,Improved
B1147,Female,43,Nainital,Uttarakhand,Skill Development,2025-10-19,8,2828,Completed,57,65,14.04,Unemployed,Not Improved
B1148,Male,21,Dehradun,Uttarakhand,Digital Literacy,2025-11-30,4,3632,Completed,33,71,115.15,Unemployed,Improved
B1149,Male,18,Haridwar,Uttarakhand,Employment Readiness,2025-12-01,4,2092,Completed,55,61,10.91,Employed,Not Improved
B1150,Female,43,Dehradun,Uttarakhand,Employment Readiness,2024-09-05,6,4054,Incomplete,58,76,31.03,Unemployed,Improved
B1151,Male,28,Udham Singh Nagar,Uttarakhand,Digital Literacy,2024-01-11,4,3052,Completed,45,55,22.22,Employed,Improved
B1152,Male,20,Nainital,Uttarakhand,Digital Literacy,2024-06-15,8,1862,Completed,62,93,50.0,Employed,Improved
B1153,Female,27,Roorkee,Uttarakhand,Skill Development,2024-04-13,6,4396,Completed,58,67,15.52,Unemployed,Not Improved
B1154,Male,44,Dehradun,Uttarakhand,Employment Readiness,2025-10-08,6,4335,Incomplete,35,65,85.71,Unemployed,Improved
B1155,Male,29,Dehradun,Uttarakhand,Digital Literacy,2025-11-09,4,1428,Incomplete,39,79,102.56,Unemployed,Improved
B1156,Male,35,Dehradun,Uttarakhand,Employment Readiness,2025-01-24,6,3423,Completed,46,58,26.09,Unemployed,Improved
B1157,Female,27,Roorkee,Uttarakhand,Digital Literacy,2025-01-24,8,4542,Completed,45,73,62.22,Employed,Improved
B1158,Male,39,Dehradun,Uttarakhand,Employment Readiness,2025-03-25,6,2739,Incomplete,21,58,176.19,Unemployed,Improved
B1159,Female,19,Haridwar,Uttarakhand,Digital Literacy,2025-08-20,4,2488,Completed,34,65,91.18,Employed,Improved
B1160,Male,44,Nainital,Uttarakhand,Skill Development,2024-02-21,6,1452,Completed,23,50,117.39,Unemployed,Improved
B1161,Female,42,Udham Singh Nagar,Uttarakhand,Skill Development,2024-06-15,4,3432,Completed,62,95,53.23,Unemployed,Improved
B1162,Male,36,Nainital,Uttarakhand,Digital Literacy,2024-11-06,4,1782,Completed,59,97,64.41,Unemployed,Improved
B1163,Female,44,Udham Singh Nagar,Uttarakhand,Skill Development,2025-12-27,4,4286,Completed,21,40,90.48,Unemployed,Improved
B1164,Male,29,Dehradun,Uttarakhand,Employment Readiness,2025-11-13,8,2098,Completed,43,58,34.88,Unemployed,Improved
B1165,Female,19,Udham Singh Nagar,Uttarakhand,Digital Literacy,2025-04-11,6,2235,Completed,47,57,21.28,Employed,Improved
B1166,Male,38,Udham Singh Nagar,Uttarakhand,Skill Development,2024-12-28,4,3711,Completed,33,50,51.52,Unemployed,Improved
B1167,Male,33,Haridwar,Uttarakhand,Employment Readiness,2025-12-16,6,1235,Incomplete,56,69,23.21,Unemployed,Improved
B1168,Female,44,Udham Singh Nagar,Uttarakhand,Employment Readiness,2024-10-06,4,3100,Completed,43,61,41.86,Unemployed,Improved
B1169,Female,19,Dehradun,Uttarakhand,Digital Literacy,2024-02-10,4,4395,Completed,41,52,26.83,Employed,Improved
B1170,Female,28,Dehradun,Uttarakhand,Skill Development,2024-04-12,6,3697,Completed,64,100,56.25,Employed,Improved
B1171,Female,43,Nainital,Uttarakhand,Skill Development,2024-10-28,4,4243,Completed,42,62,47.62,Employed,Improved
B1172,Male,37,Udham Singh Nagar,Uttarakhand,Skill Development,2025-04-05,4,2951,Completed,33,39,18.18,Employed,Not Improved
B1173,Female,43,Udham Singh Nagar,Uttarakhand,Employment Readiness,2025-03-23,8,4520,Completed,26,65,150.0,Employed,Improved
B1174,Male,36,Nainital,Uttarakhand,Digital Literacy,2024-07-24,6,1381,Completed,32,61,90.62,Unemployed,Improved
B1175,Male,31,Dehradun,Uttarakhand,Digital Literacy,2025-03-24,8,2747,Completed,60,67,11.67,Employed,Not Improved
B1176,Female,38,Haridwar,Uttarakhand,Employment Readiness,2024-05-12,4,1220,Incomplete,40,51,27.5,Unemployed,Improved
B1177,Female,18,Roorkee,Uttarakhand,Employment Readiness,2024-04-10,8,1928,Completed,50,80,60.0,Employed,Improved
B1178,Female,30,Udham Singh Nagar,Uttarakhand,Skill Development,2024-01-22,8,1195,Completed,45,63,40.0,Unemployed,Improved
B1179,Male,24,Haridwar,Uttarakhand,Employment Readiness,2025-12-07,8,4058,Completed,68,74,8.82,Employed,Not Improved
B1180,Female,44,Dehradun,Uttarakhand,Digital Literacy,2025-11-27,4,2161,Completed,36,76,111.11,Employed,Improved
B1181,Female,26,Udham Singh Nagar,Uttarakhand,Digital Literacy,2024-11-30,6,2552,Incomplete,62,96,54.84,Employed,Improved
B1182,Female,25,Dehradun,Uttarakhand,Digital Literacy,2025-10-28,6,4707,Completed,59,74,25.42,Employed,Improved
B1183,Male,41,Udham Singh Nagar,Uttarakhand,Skill Development,2025-10-29,6,4732,Completed,57,69,21.05,Employed,Improved
B1184,Female,21,Dehradun,Uttarakhand,Digital Literacy,2024-09-28,8,3690,Incomplete,61,83,36.07,Unemployed,Improved
B1185,Female,39,Dehradun,Uttarakhand,Employment Readiness,2025-05-12,6,1789,Incomplete,48,56,16.67,Employed,Not Improved
B1186,Male,43,Udham Singh Nagar,Uttarakhand,Skill Development,2024-02-11,8,2784,Completed,30,37,23.33,Employed,Improved
B1187,Female,39,Dehradun,Uttarakhand,Employment Readiness,2024-11-24,6,3220,Completed,62,71,14.52,Unemployed,Not Improved
B1188,Female,22,Dehradun,Uttarakhand,Employment Readiness,2024-05-16,8,4363,Incomplete,64,86,34.38,Unemployed,Improved
B1189,Male,44,Roorkee,Uttarakhand,Employment Readiness,2024-04-02,4,4128,Completed,56,72,28.57,Unemployed,Improved
B1190,Female,19,Udham Singh Nagar,Uttarakhand,Digital Literacy,2025-11-11,8,1112,Incomplete,52,80,53.85,Employed,Improved
B1191,Male,43,Roorkee,Uttarakhand,Digital Literacy,2024-08-02,8,2324,Completed,36,62,72.22,Unemployed,Improved
B1192,Female,26,Nainital,Uttarakhand,Digital Literacy,2025-02-11,8,2049,Completed,20,52,160.0,Employed,Improved
B1193,Male,41,Dehradun,Uttarakhand,Skill Development,2024-12-01,4,4169,Incomplete,59,99,67.8,Employed,Improved
B1194,Male,28,Dehradun,Uttarakhand,Employment Readiness,2024-04-17,8,1590,Completed,37,44,18.92,Unemployed,Not Improved
B1195,Male,21,Haridwar,Uttarakhand,Skill Development,2025-01-07,6,3697,Completed,64,72,12.5,Unemployed,Not Improved
B1196,Female,34,Udham Singh Nagar,Uttarakhand,Employment Readiness,2024-07-11,4,3042,Completed,20,26,30.0,Unemployed,Improved
B1197,Female,40,Haridwar,Uttarakhand,Employment Readiness,2024-08-13,8,2045,Incomplete,38,76,100.0,Employed,Improved
B1198,Male,19,Nainital,Uttarakhand,Skill Development,2025-12-23,8,3834,Completed,59,99,67.8,Employed,Improved
B1199,Male,37,Dehradun,Uttarakhand,Digital Literacy,2025-06-03,8,2528,Completed,26,60,130.77,Unemployed,Improved
B1200,Male,19,Roorkee,Uttarakhand,Employment Readiness,2024-01-01,4,2498,Incomplete,70,92,31.43,Employed,Improved
B1201,Male,26,Udham Singh Nagar,Uttarakhand,Digital Literacy,2025-07-14,8,4509,Completed,27,63,133.33,Unemployed,Improved
B1202,Female,33,Udham Singh Nagar,Uttarakhand,Skill Development,2024-09-18,8,4110,Completed,26,38,46.15,Unemployed,Improved
B1203,Female,36,Udham Singh Nagar,Uttarakhand,Skill Development,2024-02-12,6,4520,Incomplete,51,69,35.29,Employed,Improved
B1204,Female,39,Nainital,Uttarakhand,Digital Literacy,2024-10-21,8,4562,Completed,25,36,44.0,Unemployed,Improved
B1205,Male,22,Udham Singh Nagar,Uttarakhand,Digital Literacy,2025-04-13,4,4563,Completed,29,65,124.14,Employed,Improved
B1206,Female,31,Roorkee,Uttarakhand,Employment Readiness,2024-03-04,4,3485,Completed,69,100,44.93,Unemployed,Improved
B1207,Male,28,Dehradun,Uttarakhand,Employment Readiness,2025-05-31,8,4012,Completed,35,66,88.57,Employed,Improved
B1208,Female,42,Nainital,Uttarakhand,Employment Readiness,2025-10-23,6,4216,Completed,35,72,105.71,Employed,Improved
B1209,Male,43,Nainital,Uttarakhand,Skill Development,2025-06-14,8,2177,Completed,49,54,10.2,Employed,Not Improved
B1210,Male,32,Dehradun,Uttarakhand,Digital Literacy,2025-03-02,8,3267,Completed,61,70,14.75,Unemployed,Not Improved
B1211,Female,24,Nainital,Uttarakhand,Skill Development,2024-02-18,8,2548,Completed,47,56,19.15,Unemployed,Not Improved
B1212,Male,23,Udham Singh Nagar,Uttarakhand,Digital Literacy,2024-08-13,4,2338,Completed,49,56,14.29,Unemployed,Not Improved
B1213,Male,21,Dehradun,Uttarakhand,Digital Literacy,2025-10-23,6,4399,Completed,67,76,13.43,Unemployed,Not Improved
B1214,Male,35,Dehradun,Uttarakhand,Employment Readiness,2024-06-05,4,1241,Completed,65,73,12.31,Employed,Not Improved
B1215,Male,25,Roorkee,Uttarakhand,Employment Readiness,2025-08-13,8,4535,Completed,30,63,110.0,Employed,Improved
B1216,Male,37,Udham Singh Nagar,Uttarakhand,Skill Development,2024-08-07,4,4136,Completed,35,72,105.71,Employed,Improved
B1217,Female,29,Nainital,Uttarakhand,Skill Development,2025-04-25,6,4038,Completed,39,79,102.56,Employed,Improved
B1218,Male,28,Roorkee,Uttarakhand,Digital Literacy,2025-09-20,6,4768,Incomplete,56,65,16.07,Unemployed,Not Improved
B1219,Male,39,Nainital,Uttarakhand,Skill Development,2025-04-11,6,3589,Completed,34,58,70.59,Employed,Improved
B1220,Female,27,Nainital,Uttarakhand,Skill Development,2025-10-27,8,4420,Completed,45,50,11.11,Unemployed,Not Improved
B1221,Female,31,Roorkee,Uttarakhand,Skill Development,2024-01-14,6,4301,Completed,38,56,47.37,Employed,Improved
B1222,Male,29,Roorkee,Uttarakhand,Skill Development,2024-06-05,6,1960,Completed,23,41,78.26,Unemployed,Improved
B1223,Male,27,Roorkee,Uttarakhand,Digital Literacy,2025-09-05,6,3829,Completed,58,80,37.93,Unemployed,Improved
B1224,Female,26,Haridwar,Uttarakhand,Digital Literacy,2024-09-02,6,4092,Completed,61,71,16.39,Unemployed,Not Improved
B1225,Female,27,Roorkee,Uttarakhand,Digital Literacy,2024-08-30,4,4226,Completed,31,49,58.06,Employed,Improved
B1226,Female,21,Nainital,Uttarakhand,Digital Literacy,2025-12-14,8,3602,Completed,61,97,59.02,Employed,Improved
B1227,Male,38,Haridwar,Uttarakhand,Skill Development,2024-01-22,6,2547,Completed,30,49,63.33,Unemployed,Improved
B1228,Female,19,Haridwar,Uttarakhand,Digital Literacy,2025-07-17,8,2930,Completed,40,64,60.0,Employed,Improved
B1229,Male,44,Haridwar,Uttarakhand,Digital Literacy,2025-08-15,4,1377,Completed,37,64,72.97,Unemployed,Improved
B1230,Female,25,Udham Singh Nagar,Uttarakhand,Digital Literacy,2024-01-05,4,4205,Completed,50,57,14.0,Employed,Not Improved
B1231,Female,35,Roorkee,Uttarakhand,Employment Readiness,2025-05-03,4,4201,Completed,34,48,41.18,Unemployed,Improved
B1232,Female,44,Dehradun,Uttarakhand,Digital Literacy,2024-08-29,6,4163,Completed,28,52,85.71,Unemployed,Improved
B1233,Female,36,Dehradun,Uttarakhand,Skill Development,2025-11-01,4,1784,Completed,25,59,136.0,Unemployed,Improved
B1234,Male,36,Haridwar,Uttarakhand,Employment Readiness,2025-10-17,6,3466,Completed,68,83,22.06,Unemployed,Improved
B1235,Female,39,Haridwar,Uttarakhand,Digital Literacy,2024-03-01,4,3974,Completed,49,80,63.27,Employed,Improved
B1236,Male,24,Nainital,Uttarakhand,Digital Literacy,2024-05-09,4,2370,Completed,24,55,129.17,Employed,Improved
B1237,Male,34,Roorkee,Uttarakhand,Skill Development,2024-08-05,8,1207,Completed,44,59,34.09,Employed,Improved
B1238,Male,28,Udham Singh Nagar,Uttarakhand,Skill Development,2025-08-14,6,1126,Completed,49,59,20.41,Employed,Improved
B1239,Female,23,Udham Singh Nagar,Uttarakhand,Digital Literacy,2025-09-03,6,3809,Completed,27,55,103.7,Employed,Improved
B1240,Female,23,Udham Singh Nagar,Uttarakhand,Skill Development,2024-06-19,6,4927,Completed,59,86,45.76,Unemployed,Improved
B1241,Female,36,Roorkee,Uttarakhand,Employment Readiness,2024-03-14,4,4979,Completed,52,85,63.46,Employed,Improved
B1242,Male,25,Nainital,Uttarakhand,Employment Readiness,2024-02-01,4,2416,Completed,30,54,80.0,Unemployed,Improved
B1243,Female,26,Haridwar,Uttarakhand,Digital Literacy,2025-01-21,6,2396,Completed,23,37,60.87,Unemployed,Improved
B1244,Female,38,Haridwar,Uttarakhand,Employment Readiness,2024-05-23,8,1049,Incomplete,30,50,66.67,Employed,Improved
B1245,Male,30,Udham Singh Nagar,Uttarakhand,Employment Readiness,2024-06-06,8,2271,Completed,24,40,66.67,Employed,Improved
B1246,Female,22,Dehradun,Uttarakhand,Employment Readiness,2024-07-04,8,2636,Completed,43,74,72.09,Unemployed,Improved
B1247,Male,32,Dehradun,Uttarakhand,Digital Literacy,2025-09-04,4,2292,Completed,60,94,56.67,Employed,Improved
B1248,Female,34,Udham Singh Nagar,Uttarakhand,Skill Development,2024-06-01,4,3288,Completed,48,58,20.83,Employed,Improved
B1249,Female,40,Dehradun,Uttarakhand,Skill Development,2024-09-12,8,2038,Completed,28,59,110.71,Unemployed,Improved
B1250,Female,39,Udham Singh Nagar,Uttarakhand,Skill Development,2025-01-29,6,4426,Incomplete,47,78,65.96,Unemployed,Improved
B1251,Male,29,Nainital,Uttarakhand,Digital Literacy,2025-06-14,6,2346,Incomplete,43,48,11.63,Employed,Not Improved
B1252,Male,35,Nainital,Uttarakhand,Employment Readiness,2024-05-21,6,1312,Completed,20,44,120.0,Employed,Improved
B1253,Male,34,Haridwar,Uttarakhand,Employment Readiness,2025-06-17,8,2488,Completed,39,62,58.97,Employed,Improved
B1254,Male,25,Dehradun,Uttarakhand,Skill Development,2025-10-20,4,4835,Completed,43,77,79.07,Unemployed,Improved
B1255,Male,31,Roorkee,Uttarakhand,Digital Literacy,2024-04-02,6,4693,Completed,28,51,82.14,Employed,Improved
B1256,Male,36,Udham Singh Nagar,Uttarakhand,Employment Readiness,2025-10-14,8,2015,Completed,28,54,92.86,Employed,Improved
B1257,Male,41,Nainital,Uttarakhand,Skill Development,2024-04-30,4,1008,Completed,50,69,38.0,Unemployed,Improved
B1258,Male,23,Haridwar,Uttarakhand,Digital Literacy,2025-09-03,4,3279,Completed,28,66,135.71,Unemployed,Improved
B1259,Male,32,Udham Singh Nagar,Uttarakhand,Skill Development,2024-05-06,6,1403,Completed,32,56,75.0,Employed,Improved
B1260,Female,18,Roorkee,Uttarakhand,Digital Literacy,2024-03-08,4,4720,Completed,35,42,20.0,Unemployed,Improved
B1261,Male,27,Udham Singh Nagar,Uttarakhand,Employment Readiness,2024-12-13,4,4503,Completed,24,33,37.5,Unemployed,Improved
B1262,Female,31,Roorkee,Uttarakhand,Digital Literacy,2025-11-09,4,1759,Completed,70,86,22.86,Employed,Improved
B1263,Female,30,Udham Singh Nagar,Uttarakhand,Digital Literacy,2025-04-30,8,3618,Incomplete,44,54,22.73,Unemployed,Improved
B1264,Female,43,Roorkee,Uttarakhand,Employment Readiness,2025-03-25,6,2990,Incomplete,54,87,61.11,Unemployed,Improved
B1265,Female,43,Nainital,Uttarakhand,Employment Readiness,2024-05-21,6,3604,Completed,39,67,71.79,Unemployed,Improved
B1266,Male,28,Haridwar,Uttarakhand,Digital Literacy,2025-05-24,6,2865,Completed,23,48,108.7,Employed,Improved
B1267,Male,22,Udham Singh Nagar,Uttarakhand,Digital Literacy,2025-04-25,6,3437,Incomplete,62,85,37.1,Unemployed,Improved
B1268,Female,27,Udham Singh Nagar,Uttarakhand,Skill Development,2025-02-17,6,3581,Completed,62,79,27.42,Unemployed,Improved
B1269,Female,19,Haridwar,Uttarakhand,Skill Development,2024-01-12,6,3960,Incomplete,21,34,61.9,Employed,Improved
B1270,Male,18,Haridwar,Uttarakhand,Skill Development,2024-01-24,6,1701,Incomplete,46,64,39.13,Employed,Improved
B1271,Male,26,Haridwar,Uttarakhand,Digital Literacy,2025-02-16,6,3419,Completed,67,100,49.25,Unemployed,Improved
B1272,Male,25,Roorkee,Uttarakhand,Digital Literacy,2024-09-29,8,2564,Completed,44,82,86.36,Unemployed,Improved
B1273,Male,31,Dehradun,Uttarakhand,Skill Development,2024-11-03,8,3923,Completed,46,57,23.91,Unemployed,Improved
B1274,Female,43,Roorkee,Uttarakhand,Skill Development,2025-10-09,6,3040,Completed,69,94,36.23,Unemployed,Improved
B1275,Female,34,Roorkee,Uttarakhand,Digital Literacy,2025-11-23,6,4346,Completed,65,75,15.38,Unemployed,Not Improved
B1276,Female,44,Udham Singh Nagar,Uttarakhand,Skill Development,2025-10-11,8,1508,Completed,35,61,74.29,Unemployed,Improved
B1277,Male,43,Roorkee,Uttarakhand,Skill Development,2025-10-13,8,2543,Completed,28,45,60.71,Unemployed,Improved
B1278,Male,38,Haridwar,Uttarakhand,Digital Literacy,2025-02-06,4,2840,Completed,37,48,29.73,Employed,Improved
B1279,Male,45,Roorkee,Uttarakhand,Digital Literacy,2025-09-16,6,1622,Incomplete,59,76,28.81,Employed,Improved
B1280,Female,23,Haridwar,Uttarakhand,Skill Development,2024-08-18,8,1561,Completed,68,88,29.41,Unemployed,Improved
B1281,Female,26,Nainital,Uttarakhand,Skill Development,2024-11-01,4,2669,Incomplete,58,77,32.76,Unemployed,Improved
B1282,Male,41,Roorkee,Uttarakhand,Employment Readiness,2024-05-11,8,3493,Completed,51,77,50.98,Employed,Improved
B1283,Male,19,Nainital,Uttarakhand,Employment Readiness,2025-05-25,8,1269,Completed,64,90,40.62,Employed,Improved
B1284,Male,43,Roorkee,Uttarakhand,Skill Development,2025-06-01,6,1444,Completed,22,31,40.91,Unemployed,Improved
B1285,Male,43,Nainital,Uttarakhand,Skill Development,2024-04-22,8,1091,Incomplete,27,55,103.7,Employed,Improved
B1286,Male,43,Dehradun,Uttarakhand,Skill Development,2024-12-22,8,4695,Completed,42,75,78.57,Employed,Improved
B1287,Male,18,Nainital,Uttarakhand,Digital Literacy,2025-03-22,8,3163,Completed,63,75,19.05,Unemployed,Not Improved
B1288,Female,30,Dehradun,Uttarakhand,Skill Development,2024-11-29,6,1530,Completed,55,88,60.0,Unemployed,Improved
B1289,Female,24,Udham Singh Nagar,Uttarakhand,Digital Literacy,2024-09-06,4,3793,Completed,60,66,10.0,Employed,Not Improved
B1290,Female,36,Dehradun,Uttarakhand,Employment Readiness,2025-11-26,6,2538,Completed,63,88,39.68,Employed,Improved
B1291,Male,44,Haridwar,Uttarakhand,Employment Readiness,2024-09-16,6,3650,Completed,28,62,121.43,Employed,Improved
B1292,Female,34,Roorkee,Uttarakhand,Digital Literacy,2025-05-23,4,1999,Completed,52,85,63.46,Employed,Improved
B1293,Female,20,Nainital,Uttarakhand,Digital Literacy,2024-09-16,8,1055,Completed,33,57,72.73,Unemployed,Improved
B1294,Male,22,Dehradun,Uttarakhand,Digital Literacy,2025-03-11,4,1442,Completed,25,63,152.0,Employed,Improved
B1295,Male,41,Dehradun,Uttarakhand,Digital Literacy,2024-04-03,4,2243,Completed,37,74,100.0,Unemployed,Improved
B1296,Female,38,Nainital,Uttarakhand,Skill Development,2024-03-16,8,2868,Completed,48,54,12.5,Unemployed,Not Improved
B1297,Male,20,Udham Singh Nagar,Uttarakhand,Skill Development,2025-09-19,4,2299,Completed,38,47,23.68,Unemployed,Improved
B1298,Male,43,Nainital,Uttarakhand,Digital Literacy,2025-06-30,6,1890,Completed,47,68,44.68,Unemployed,Improved
B1299,Male,20,Haridwar,Uttarakhand,Employment Readiness,2024-07-13,8,2976,Completed,65,82,26.15,Employed,Improved
B1300,Male,37,Roorkee,Uttarakhand,Digital Literacy,2025-08-31,8,4281,Completed,64,87,35.94,Unemployed,Improved
B1301,Male,40,Roorkee,Uttarakhand,Digital Literacy,2025-07-11,4,2782,Completed,69,100,44.93,Employed,Improved
B1302,Female,30,Roorkee,Uttarakhand,Employment Readiness,2024-10-27,6,4630,Completed,43,80,86.05,Unemployed,Improved
B1303,Male,24,Udham Singh Nagar,Uttarakhand,Employment Readiness,2024-07-31,6,4698,Completed,51,71,39.22,Unemployed,Improved
B1304,Male,34,Nainital,Uttarakhand,Skill Development,2024-09-01,4,4033,Incomplete,42,73,73.81,Unemployed,Improved
B1305,Female,44,Haridwar,Uttarakhand,Digital Literacy,2024-12-30,6,1247,Incomplete,65,92,41.54,Employed,Improved
B1306,Male,37,Nainital,Uttarakhand,Digital Literacy,2025-10-02,6,4488,Completed,63,100,58.73,Employed,Improved
B1307,Female,38,Roorkee,Uttarakhand,Employment Readiness,2024-09-29,4,2298,Completed,56,91,62.5,Employed,Improved
B1308,Female,44,Haridwar,Uttarakhand,Employment Readiness,2024-08-21,8,2590,Completed,23,59,156.52,Unemployed,Improved
B1309,Male,22,Nainital,Uttarakhand,Skill Development,2025-08-24,8,4023,Incomplete,45,74,64.44,Employed,Improved
B1310,Female,31,Haridwar,Uttarakhand,Employment Readiness,2025-02-14,4,2523,Completed,41,77,87.8,Unemployed,Improved
B1311,Female,24,Udham Singh Nagar,Uttarakhand,Digital Literacy,2024-05-20,6,2107,Completed,69,93,34.78,Unemployed,Improved
B1312,Male,20,Dehradun,Uttarakhand,Digital Literacy,2025-02-19,4,2893,Completed,58,90,55.17,Unemployed,Improved
B1313,Male,39,Nainital,Uttarakhand,Digital Literacy,2024-04-12,6,1161,Completed,21,36,71.43,Unemployed,Improved
B1314,Male,36,Dehradun,Uttarakhand,Skill Development,2024-10-10,4,2439,Incomplete,21,46,119.05,Unemployed,Improved
B1315,Male,41,Udham Singh Nagar,Uttarakhand,Employment Readiness,2024-10-20,6,3019,Completed,50,86,72.0,Unemployed,Improved
B1316,Female,26,Udham Singh Nagar,Uttarakhand,Skill Development,2024-12-15,6,4346,Completed,56,71,26.79,Unemployed,Improved
B1317,Female,26,Haridwar,Uttarakhand,Skill Development,2024-02-03,6,2233,Completed,61,90,47.54,Unemployed,Improved
B1318,Male,42,Udham Singh Nagar,Uttarakhand,Skill Development,2025-07-31,4,3109,Completed,62,98,58.06,Employed,Improved
B1319,Female,36,Dehradun,Uttarakhand,Digital Literacy,2025-10-06,8,1754,Incomplete,39,56,43.59,Unemployed,Improved
B1320,Female,41,Haridwar,Uttarakhand,Employment Readiness,2025-08-23,6,4201,Completed,34,65,91.18,Unemployed,Improved
B1321,Female,33,Dehradun,Uttarakhand,Employment Readiness,2024-06-08,6,3345,Completed,57,73,28.07,Unemployed,Improved
B1322,Female,30,Haridwar,Uttarakhand,Employment Readiness,2024-05-19,8,2952,Completed,65,100,53.85,Unemployed,Improved
B1323,Male,30,Dehradun,Uttarakhand,Skill Development,2025-03-13,6,3998,Completed,51,59,15.69,Employed,Not Improved
B1324,Male,27,Nainital,Uttarakhand,Skill Development,2025-05-19,4,3060,Incomplete,45,54,20.0,Employed,Improved
B1325,Male,27,Roorkee,Uttarakhand,Employment Readiness,2024-09-03,8,3525,Completed,67,100,49.25,Employed,Improved
B1326,Male,36,Haridwar,Uttarakhand,Employment Readiness,2024-06-29,4,1584,Completed,26,65,150.0,Employed,Improved
B1327,Male,34,Nainital,Uttarakhand,Employment Readiness,2025-03-14,6,2484,Completed,45,62,37.78,Unemployed,Improved
B1328,Female,39,Roorkee,Uttarakhand,Skill Development,2025-02-28,6,3410,Completed,65,99,52.31,Unemployed,Improved
B1329,Female,45,Roorkee,Uttarakhand,Employment Readiness,2024-08-27,8,1452,Completed,51,87,70.59,Unemployed,Improved
B1330,Female,31,Roorkee,Uttarakhand,Digital Literacy,2025-10-16,6,3732,Completed,56,80,42.86,Employed,Improved
B1331,Male,41,Dehradun,Uttarakhand,Employment Readiness,2025-12-19,4,1170,Completed,65,88,35.38,Unemployed,Improved
B1332,Female,32,Dehradun,Uttarakhand,Digital Literacy,2025-06-29,6,1004,Completed,51,61,19.61,Employed,Not Improved
B1333,Male,31,Udham Singh Nagar,Uttarakhand,Digital Literacy,2024-12-19,4,1522,Completed,59,65,10.17,Unemployed,Not Improved
B1334,Male,18,Roorkee,Uttarakhand,Skill Development,2025-11-04,8,1885,Completed,64,92,43.75,Employed,Improved
B1335,Female,19,Nainital,Uttarakhand,Digital Literacy,2024-10-02,4,1258,Completed,58,94,62.07,Unemployed,Improved
B1336,Female,28,Dehradun,Uttarakhand,Skill Development,2024-03-20,8,2363,Completed,34,65,91.18,Unemployed,Improved
B1337,Male,20,Dehradun,Uttarakhand,Skill Development,2025-12-11,4,4379,Completed,32,61,90.62,Employed,Improved
B1338,Female,25,Roorkee,Uttarakhand,Digital Literacy,2024-11-23,8,2842,Completed,30,45,50.0,Unemployed,Improved
B1339,Male,24,Udham Singh Nagar,Uttarakhand,Employment Readiness,2024-06-08,6,1687,Completed,57,63,10.53,Employed,Not Improved
B1340,Male,22,Roorkee,Uttarakhand,Employment Readiness,2024-10-02,6,4698,Completed,22,45,104.55,Unemployed,Improved
B1341,Female,45,Roorkee,Uttarakhand,Skill Development,2025-05-25,8,4134,Incomplete,30,48,60.0,Unemployed,Improved
B1342,Female,32,Roorkee,Uttarakhand,Digital Literacy,2025-11-08,8,4888,Completed,51,85,66.67,Employed,Improved
B1343,Male,37,Dehradun,Uttarakhand,Skill Development,2024-07-22,4,2129,Completed,27,35,29.63,Unemployed,Improved
B1344,Male,43,Udham Singh Nagar,Uttarakhand,Skill Development,2025-10-19,8,4019,Completed,62,79,27.42,Unemployed,Improved
B1345,Male,25,Nainital,Uttarakhand,Skill Development,2025-08-11,6,2287,Completed,32,50,56.25,Unemployed,Improved
B1346,Male,19,Dehradun,Uttarakhand,Skill Development,2024-03-23,8,3234,Incomplete,59,74,25.42,Unemployed,Improved
B1347,Male,18,Haridwar,Uttarakhand,Skill Development,2025-09-30,8,2178,Completed,57,84,47.37,Unemployed,Improved
B1348,Male,40,Haridwar,Uttarakhand,Skill Development,2024-06-11,6,4489,Completed,57,83,45.61,Employed,Improved
B1349,Male,40,Dehradun,Uttarakhand,Skill Development,2024-08-28,8,3134,Completed,61,98,60.66,Employed,Improved
B1350,Female,43,Nainital,Uttarakhand,Digital Literacy,2024-11-04,6,1761,Completed,63,78,23.81,Employed,Improved
B1351,Female,24,Roorkee,Uttarakhand,Digital Literacy,2024-11-24,4,3695,Completed,62,75,20.97,Unemployed,Improved
B1352,Male,36,Haridwar,Uttarakhand,Skill Development,2025-12-25,8,2051,Completed,70,100,42.86,Unemployed,Improved
B1353,Male,45,Nainital,Uttarakhand,Digital Literacy,2025-11-24,6,1760,Completed,22,27,22.73,Unemployed,Improved
B1354,Female,25,Nainital,Uttarakhand,Skill Development,2025-10-02,6,4873,Completed,58,63,8.62,Unemployed,Not Improved
B1355,Male,25,Nainital,Uttarakhand,Employment Readiness,2025-05-27,4,4405,Completed,70,78,11.43,Employed,Not Improved
B1356,Male,39,Udham Singh Nagar,Uttarakhand,Employment Readiness,2025-11-04,4,1105,Completed,25,41,64.0,Unemployed,Improved
B1357,Female,27,Udham Singh Nagar,Uttarakhand,Skill Development,2024-02-14,8,1419,Completed,64,78,21.88,Employed,Improved
B1358,Female,42,Udham Singh Nagar,Uttarakhand,Digital Literacy,2025-12-09,8,3643,Completed,28,65,132.14,Unemployed,Improved
B1359,Male,20,Nainital,Uttarakhand,Skill Development,2025-01-14,6,3825,Completed,40,54,35.0,Unemployed,Improved
B1360,Female,43,Dehradun,Uttarakhand,Employment Readiness,2025-08-29,4,3388,Completed,58,78,34.48,Unemployed,Improved
B1361,Male,43,Nainital,Uttarakhand,Skill Development,2024-06-08,4,4885,Completed,39,58,48.72,Unemployed,Improved
B1362,Male,31,Roorkee,Uttarakhand,Employment Readiness,2025-05-05,8,4911,Completed,24,58,141.67,Unemployed,Improved
B1363,Female,32,Nainital,Uttarakhand,Digital Literacy,2024-10-18,4,3984,Completed,69,76,10.14,Unemployed,Not Improved
B1364,Male,35,Roorkee,Uttarakhand,Skill Development,2024-03-29,4,4493,Completed,38,44,15.79,Unemployed,Not Improved
B1365,Male,34,Roorkee,Uttarakhand,Digital Literacy,2025-09-29,6,2018,Completed,24,34,41.67,Employed,Improved
B1366,Female,34,Roorkee,Uttarakhand,Employment Readiness,2025-03-16,8,2499,Completed,45,60,33.33,Unemployed,Improved
B1367,Female,33,Dehradun,Uttarakhand,Digital Literacy,2025-08-21,6,3413,Completed,32,68,112.5,Unemployed,Improved
B1368,Female,23,Udham Singh Nagar,Uttarakhand,Digital Literacy,2025-08-21,8,2386,Completed,31,49,58.06,Employed,Improved
B1369,Female,21,Nainital,Uttarakhand,Skill Development,2025-03-27,6,1779,Completed,68,84,23.53,Unemployed,Improved
B1370,Male,26,Haridwar,Uttarakhand,Digital Literacy,2025-03-28,6,3775,Completed,63,96,52.38,Unemployed,Improved
B1371,Male,26,Roorkee,Uttarakhand,Employment Readiness,2025-02-22,6,2001,Incomplete,66,92,39.39,Employed,Improved
B1372,Female,33,Roorkee,Uttarakhand,Employment Readiness,2024-02-23,8,1620,Completed,49,56,14.29,Employed,Not Improved
B1373,Male,44,Dehradun,Uttarakhand,Skill Development,2025-01-24,4,4115,Completed,68,74,8.82,Employed,Not Improved
B1374,Female,22,Nainital,Uttarakhand,Digital Literacy,2024-01-06,8,4078,Completed,64,79,23.44,Unemployed,Improved
B1375,Female,19,Nainital,Uttarakhand,Digital Literacy,2025-07-15,4,4580,Incomplete,36,42,16.67,Employed,Not Improved
B1376,Male,19,Dehradun,Uttarakhand,Skill Development,2024-11-03,6,2690,Completed,40,67,67.5,Employed,Improved
B1377,Female,31,Roorkee,Uttarakhand,Skill Development,2025-12-19,8,3855,Incomplete,42,52,23.81,Unemployed,Improved
B1378,Female,32,Roorkee,Uttarakhand,Digital Literacy,2024-04-18,8,4014,Completed,53,71,33.96,Unemployed,Improved
B1379,Male,33,Udham Singh Nagar,Uttarakhand,Digital Literacy,2024-08-13,8,2647,Completed,34,69,102.94,Unemployed,Improved
B1380,Female,26,Nainital,Uttarakhand,Employment Readiness,2025-07-11,4,1382,Incomplete,32,67,109.38,Unemployed,Improved
B1381,Male,42,Haridwar,Uttarakhand,Digital Literacy,2024-04-07,6,3771,Completed,42,76,80.95,Employed,Improved
B1382,Male,40,Udham Singh Nagar,Uttarakhand,Employment Readiness,2024-03-02,6,4593,Incomplete,66,100,51.52,Employed,Improved
B1383,Male,38,Udham Singh Nagar,Uttarakhand,Digital Literacy,2024-09-28,6,3094,Completed,23,33,43.48,Employed,Improved
B1384,Female,21,Dehradun,Uttarakhand,Skill Development,2025-06-07,6,1546,Completed,46,57,23.91,Unemployed,Improved
B1385,Male,18,Haridwar,Uttarakhand,Digital Literacy,2024-01-10,6,2969,Completed,47,87,85.11,Unemployed,Improved
B1386,Female,40,Nainital,Uttarakhand,Skill Development,2025-03-07,8,1635,Completed,27,57,111.11,Unemployed,Improved
B1387,Female,20,Dehradun,Uttarakhand,Skill Development,2025-12-20,6,3036,Completed,23,31,34.78,Employed,Improved
B1388,Female,35,Haridwar,Uttarakhand,Skill Development,2025-04-26,8,4029,Incomplete,34,56,64.71,Unemployed,Improved
B1389,Male,20,Udham Singh Nagar,Uttarakhand,Digital Literacy,2025-07-04,6,3750,Completed,65,83,27.69,Employed,Improved
B1390,Male,36,Roorkee,Uttarakhand,Skill Development,2025-01-25,4,1171,Completed,65,88,35.38,Unemployed,Improved
B1391,Male,45,Haridwar,Uttarakhand,Employment Readiness,2025-05-11,4,3884,Completed,37,45,21.62,Unemployed,Improved
B1392,Male,24,Udham Singh Nagar,Uttarakhand,Skill Development,2025-02-28,8,2496,Incomplete,52,82,57.69,Unemployed,Improved
B1393,Male,30,Dehradun,Uttarakhand,Skill Development,2024-09-08,6,4090,Incomplete,22,58,163.64,Employed,Improved
B1394,Male,28,Haridwar,Uttarakhand,Skill Development,2024-11-20,6,3231,Completed,20,37,85.0,Unemployed,Improved
B1395,Female,20,Udham Singh Nagar,Uttarakhand,Employment Readiness,2024-05-14,6,1282,Completed,35,46,31.43,Employed,Improved
B1396,Male,24,Roorkee,Uttarakhand,Digital Literacy,2024-07-29,8,2668,Completed,27,48,77.78,Unemployed,Improved
B1397,Female,33,Nainital,Uttarakhand,Employment Readiness,2025-02-25,8,1931,Completed,49,57,16.33,Unemployed,Not Improved
B1398,Male,39,Nainital,Uttarakhand,Digital Literacy,2024-12-26,4,3912,Completed,24,54,125.0,Employed,Improved
B1399,Female,18,Roorkee,Uttarakhand,Employment Readiness,2024-06-17,6,2921,Completed,36,72,100.0,Unemployed,Improved
B1400,Female,35,Dehradun,Uttarakhand,Employment Readiness,2025-12-02,6,3795,Completed,32,63,96.88,Employed,Improved
B1401,Female,34,Dehradun,Uttarakhand,Digital Literacy,2024-12-05,6,2810,Completed,63,86,36.51,Employed,Improved
B1402,Male,40,Roorkee,Uttarakhand,Skill Development,2024-12-07,6,2382,Completed,70,100,42.86,Unemployed,Improved
B1403,Male,44,Haridwar,Uttarakhand,Digital Literacy,2024-06-08,8,4102,Completed,27,46,70.37,Unemployed,Improved
B1404,Female,28,Roorkee,Uttarakhand,Digital Literacy,2025-04-18,4,4772,Completed,44,81,84.09,Employed,Improved
B1405,Male,40,Roorkee,Uttarakhand,Employment Readiness,2025-08-17,8,3734,Completed,24,39,62.5,Unemployed,Improved
B1406,Male,38,Haridwar,Uttarakhand,Skill Development,2024-01-03,4,2450,Completed,63,86,36.51,Employed,Improved
B1407,Male,30,Roorkee,Uttarakhand,Digital Literacy,2024-01-22,4,3380,Incomplete,33,60,81.82,Unemployed,Improved
B1408,Female,44,Udham Singh Nagar,Uttarakhand,Skill Development,2024-09-17,8,4773,Completed,38,53,39.47,Employed,Improved
B1409,Male,29,Dehradun,Uttarakhand,Employment Readiness,2025-03-02,8,4735,Completed,41,79,92.68,Unemployed,Improved
B1410,Female,44,Udham Singh Nagar,Uttarakhand,Skill Development,2024-05-29,6,4680,Completed,43,51,18.6,Employed,Not Improved
B1411,Female,19,Udham Singh Nagar,Uttarakhand,Skill Development,2025-09-06,6,2244,Completed,63,99,57.14,Employed,Improved
B1412,Male,22,Roorkee,Uttarakhand,Digital Literacy,2024-08-29,4,1834,Incomplete,62,73,17.74,Employed,Not Improved
B1413,Male,24,Dehradun,Uttarakhand,Skill Development,2024-05-09,6,1090,Completed,52,68,30.77,Employed,Improved
B1414,Female,35,Roorkee,Uttarakhand,Skill Development,2024-06-19,4,1950,Completed,24,42,75.0,Unemployed,Improved
B1415,Male,20,Haridwar,Uttarakhand,Skill Development,2025-05-24,6,4396,Completed,42,52,23.81,Employed,Improved
B1416,Male,32,Haridwar,Uttarakhand,Digital Literacy,2024-01-17,6,4532,Completed,36,74,105.56,Unemployed,Improved
B1417,Male,30,Roorkee,Uttarakhand,Employment Readiness,2025-07-16,8,4018,Completed,37,47,27.03,Unemployed,Improved
B1418,Male,22,Nainital,Uttarakhand,Employment Readiness,2024-06-24,8,4642,Completed,54,74,37.04,Unemployed,Improved
B1419,Male,29,Haridwar,Uttarakhand,Employment Readiness,2025-12-23,6,3330,Completed,60,91,51.67,Employed,Improved
B1420,Female,35,Udham Singh Nagar,Uttarakhand,Digital Literacy,2025-02-23,4,3180,Completed,40,80,100.0,Employed,Improved
B1421,Male,18,Udham Singh Nagar,Uttarakhand,Skill Development,2024-02-29,6,2340,Completed,32,37,15.62,Employed,Not Improved
B1422,Male,44,Dehradun,Uttarakhand,Skill Development,2024-06-04,8,2660,Completed,24,29,20.83,Unemployed,Improved
B1423,Female,37,Nainital,Uttarakhand,Employment Readiness,2024-03-08,8,2861,Completed,43,78,81.4,Employed,Improved
B1424,Female,44,Udham Singh Nagar,Uttarakhand,Skill Development,2024-03-03,8,1990,Completed,61,68,11.48,Employed,Not Improved
B1425,Female,32,Nainital,Uttarakhand,Employment Readiness,2025-06-03,8,3680,Completed,46,77,67.39,Employed,Improved
B1426,Female,23,Udham Singh Nagar,Uttarakhand,Digital Literacy,2024-06-01,6,3075,Completed,55,60,9.09,Employed,Not Improved
B1427,Male,33,Udham Singh Nagar,Uttarakhand,Digital Literacy,2024-07-22,4,2009,Completed,26,40,53.85,Employed,Improved
B1428,Female,37,Roorkee,Uttarakhand,Employment Readiness,2024-08-23,8,4789,Completed,70,82,17.14,Employed,Not Improved
B1429,Male,24,Haridwar,Uttarakhand,Digital Literacy,2025-08-03,6,3179,Completed,36,51,41.67,Unemployed,Improved
B1430,Male,21,Udham Singh Nagar,Uttarakhand,Employment Readiness,2025-06-17,4,3868,Completed,28,46,64.29,Employed,Improved
B1431,Female,22,Dehradun,Uttarakhand,Employment Readiness,2025-03-08,6,3110,Incomplete,69,92,33.33,Unemployed,Improved
B1432,Male,35,Udham Singh Nagar,Uttarakhand,Digital Literacy,2025-09-02,6,2203,Completed,29,40,37.93,Employed,Improved
B1433,Female,19,Roorkee,Uttarakhand,Skill Development,2024-11-06,4,4944,Completed,25,35,40.0,Employed,Improved
B1434,Male,28,Dehradun,Uttarakhand,Skill Development,2024-03-21,4,2627,Completed,45,56,24.44,Unemployed,Improved
B1435,Male,26,Dehradun,Uttarakhand,Digital Literacy,2024-04-11,4,2469,Completed,30,39,30.0,Unemployed,Improved
B1436,Female,37,Udham Singh Nagar,Uttarakhand,Skill Development,2024-11-09,6,2550,Completed,51,87,70.59,Unemployed,Improved
B1437,Male,32,Udham Singh Nagar,Uttarakhand,Employment Readiness,2024-11-12,8,4099,Completed,68,77,13.24,Employed,Not Improved
B1438,Female,31,Udham Singh Nagar,Uttarakhand,Skill Development,2025-02-13,4,2743,Incomplete,29,60,106.9,Employed,Improved
B1439,Female,27,Udham Singh Nagar,Uttarakhand,Employment Readiness,2024-01-01,4,4560,Completed,68,91,33.82,Employed,Improved
B1440,Male,41,Udham Singh Nagar,Uttarakhand,Skill Development,2024-03-12,4,2871,Completed,55,80,45.45,Unemployed,Improved
B1441,Female,45,Dehradun,Uttarakhand,Employment Readiness,2025-09-06,4,2894,Completed,35,66,88.57,Unemployed,Improved
B1442,Male,21,Nainital,Uttarakhand,Digital Literacy,2025-02-26,4,4999,Incomplete,44,72,63.64,Unemployed,Improved
B1443,Female,26,Haridwar,Uttarakhand,Digital Literacy,2025-12-17,6,2361,Completed,45,62,37.78,Employed,Improved
B1444,Male,43,Roorkee,Uttarakhand,Skill Development,2024-08-25,6,3819,Incomplete,54,72,33.33,Employed,Improved
B1445,Female,44,Dehradun,Uttarakhand,Skill Development,2025-09-11,4,1367,Completed,35,57,62.86,Unemployed,Improved
B1446,Male,18,Dehradun,Uttarakhand,Skill Development,2025-06-29,4,1643,Incomplete,23,58,152.17,Employed,Improved
B1447,Female,44,Haridwar,Uttarakhand,Skill Development,2025-01-01,6,4563,Completed,32,40,25.0,Unemployed,Improved
B1448,Female,19,Roorkee,Uttarakhand,Digital Literacy,2024-06-15,4,3786,Incomplete,29,58,100.0,Employed,Improved
B1449,Male,40,Roorkee,Uttarakhand,Employment Readiness,2024-10-28,8,1648,Completed,23,38,65.22,Unemployed,Improved
B1450,Male,25,Dehradun,Uttarakhand,Employment Readiness,2025-12-07,4,3432,Completed,46,75,63.04,Unemployed,Improved
B1451,Male,22,Dehradun,Uttarakhand,Skill Development,2024-03-08,8,2875,Completed,37,58,56.76,Employed,Improved
B1452,Male,26,Dehradun,Uttarakhand,Skill Development,2024-02-07,8,4399,Completed,34,63,85.29,Unemployed,Improved
B1453,Male,19,Dehradun,Uttarakhand,Digital Literacy,2025-04-26,6,2700,Completed,54,88,62.96,Unemployed,Improved
B1454,Female,23,Dehradun,Uttarakhand,Employment Readiness,2025-11-08,8,4211,Completed,40,48,20.0,Employed,Improved
B1455,Female,30,Udham Singh Nagar,Uttarakhand,Employment Readiness,2024-12-29,8,4133,Completed,68,100,47.06,Unemployed,Improved
B1456,Female,39,Dehradun,Uttarakhand,Employment Readiness,2025-06-05,8,3949,Completed,57,71,24.56,Unemployed,Improved
B1457,Male,44,Nainital,Uttarakhand,Employment Readiness,2025-07-15,6,2319,Incomplete,45,78,73.33,Employed,Improved
B1458,Female,26,Dehradun,Uttarakhand,Employment Readiness,2024-12-08,4,1727,Completed,68,87,27.94,Employed,Improved
B1459,Female,40,Dehradun,Uttarakhand,Digital Literacy,2025-05-12,8,2408,Completed,23,56,143.48,Employed,Improved
B1460,Female,20,Dehradun,Uttarakhand,Digital Literacy,2025-08-29,8,4301,Incomplete,45,79,75.56,Employed,Improved
B1461,Male,45,Haridwar,Uttarakhand,Employment Readiness,2025-09-08,8,3525,Completed,45,63,40.0,Unemployed,Improved
B1462,Male,34,Dehradun,Uttarakhand,Digital Literacy,2024-05-24,8,4531,Completed,32,64,100.0,Unemployed,Improved
B1463,Male,33,Dehradun,Uttarakhand,Digital Literacy,2025-07-29,4,4487,Incomplete,47,82,74.47,Employed,Improved
B1464,Male,24,Dehradun,Uttarakhand,Skill Development,2025-10-11,6,1550,Incomplete,27,51,88.89,Employed,Improved
B1465,Male,44,Udham Singh Nagar,Uttarakhand,Digital Literacy,2024-01-28,8,3640,Completed,44,71,61.36,Unemployed,Improved
B1466,Female,30,Dehradun,Uttarakhand,Digital Literacy,2025-09-27,4,4293,Completed,70,100,42.86,Employed,Improved
B1467,Male,42,Udham Singh Nagar,Uttarakhand,Employment Readiness,2024-09-19,6,3881,Incomplete,50,86,72.0,Unemployed,Improved
B1468,Male,28,Dehradun,Uttarakhand,Digital Literacy,2024-09-21,6,2062,Incomplete,48,54,12.5,Employed,Not Improved
B1469,Female,19,Haridwar,Uttarakhand,Skill Development,2025-01-06,8,2397,Completed,47,54,14.89,Employed,Not Improved
B1470,Female,39,Haridwar,Uttarakhand,Employment Readiness,2024-01-26,4,4896,Completed,50,58,16.0,Unemployed,Not Improved
B1471,Female,34,Roorkee,Uttarakhand,Skill Development,2025-02-28,8,3668,Incomplete,65,87,33.85,Unemployed,Improved
B1472,Female,27,Haridwar,Uttarakhand,Digital Literacy,2024-08-09,6,1617,Completed,46,58,26.09,Unemployed,Improved
B1473,Male,19,Roorkee,Uttarakhand,Employment Readiness,2025-10-12,4,4010,Completed,46,86,86.96,Employed,Improved
B1474,Female,34,Haridwar,Uttarakhand,Employment Readiness,2025-10-21,8,4093,Completed,47,70,48.94,Unemployed,Improved
B1475,Female,26,Udham Singh Nagar,Uttarakhand,Skill Development,2024-08-28,6,1945,Completed,52,89,71.15,Unemployed,Improved
B1476,Female,20,Udham Singh Nagar,Uttarakhand,Skill Development,2024-05-26,4,1277,Completed,36,66,83.33,Unemployed,Improved
B1477,Male,33,Roorkee,Uttarakhand,Digital Literacy,2024-09-29,4,4276,Completed,60,91,51.67,Unemployed,Improved
B1478,Female,25,Haridwar,Uttarakhand,Digital Literacy,2025-02-04,4,2958,Completed,65,70,7.69,Employed,Not Improved
B1479,Male,36,Udham Singh Nagar,Uttarakhand,Skill Development,2024-07-06,4,3128,Completed,44,63,43.18,Unemployed,Improved
B1480,Female,23,Dehradun,Uttarakhand,Digital Literacy,2025-04-05,6,3543,Completed,29,37,27.59,Employed,Improved
B1481,Female,43,Dehradun,Uttarakhand,Employment Readiness,2024-09-28,8,2397,Completed,26,35,34.62,Employed,Improved
B1482,Male,27,Nainital,Uttarakhand,Skill Development,2024-07-19,8,2679,Completed,38,60,57.89,Unemployed,Improved
B1483,Male,33,Roorkee,Uttarakhand,Employment Readiness,2025-11-29,8,3192,Incomplete,49,80,63.27,Unemployed,Improved
B1484,Male,38,Roorkee,Uttarakhand,Skill Development,2024-08-18,4,3467,Incomplete,70,100,42.86,Unemployed,Improved
B1485,Female,21,Roorkee,Uttarakhand,Digital Literacy,2024-04-09,8,2614,Completed,39,58,48.72,Employed,Improved
B1486,Female,27,Nainital,Uttarakhand,Employment Readiness,2025-10-07,8,3665,Completed,51,88,72.55,Unemployed,Improved
B1487,Male,32,Nainital,Uttarakhand,Employment Readiness,2024-02-27,6,2106,Completed,39,75,92.31,Unemployed,Improved
B1488,Female,25,Udham Singh Nagar,Uttarakhand,Skill Development,2025-01-11,6,1053,Incomplete,33,57,72.73,Employed,Improved
B1489,Female,38,Haridwar,Uttarakhand,Skill Development,2024-01-08,8,1920,Completed,22,35,59.09,Unemployed,Improved
B1490,Female,43,Nainital,Uttarakhand,Digital Literacy,2025-06-05,8,2356,Completed,26,53,103.85,Employed,Improved
B1491,Female,42,Udham Singh Nagar,Uttarakhand,Digital Literacy,2024-10-30,6,3700,Completed,64,94,46.88,Unemployed,Improved
B1492,Male,35,Roorkee,Uttarakhand,Employment Readiness,2024-10-25,8,1223,Incomplete,64,100,56.25,Employed,Improved
B1493,Male,30,Haridwar,Uttarakhand,Skill Development,2024-09-29,4,3638,Completed,36,57,58.33,Unemployed,Improved
B1494,Female,25,Roorkee,Uttarakhand,Employment Readiness,2024-12-13,6,4893,Completed,48,77,60.42,Employed,Improved
B1495,Female,21,Nainital,Uttarakhand,Digital Literacy,2024-02-01,6,1230,Incomplete,37,54,45.95,Employed,Improved
B1496,Female,45,Udham Singh Nagar,Uttarakhand,Employment Readiness,2024-02-14,4,2918,Completed,65,78,20.0,Unemployed,Improved
B1497,Male,29,Udham Singh Nagar,Uttarakhand,Skill Development,2025-06-17,6,3936,Completed,56,68,21.43,Employed,Improved
B1498,Male,25,Udham Singh Nagar,Uttarakhand,Skill Development,2024-06-03,6,4049,Incomplete,47,57,21.28,Unemployed,Improved
B1499,Female,19,Dehradun,Uttarakhand,Skill Development,2025-05-12,8,1763,Completed,35,75,114.29,Employed,Improved
B1500,Female,30,Udham Singh Nagar,Uttarakhand,Digital Literacy,2024-12-22,6,3662,Completed,33,52,57.58,Employed,Improved
B1501,Female,38,Udham Singh Nagar,Uttarakhand,Employment Readiness,2025-04-09,6,2678,Completed,54,65,20.37,Employed,Improved
B1502,Female,31,Roorkee,Uttarakhand,Employment Readiness,2025-07-17,6,4645,Incomplete,62,86,38.71,Unemployed,Improved
B1503,Female,26,Roorkee,Uttarakhand,Employment Readiness,2025-09-19,8,3741,Incomplete,70,100,42.86,Employed,Improved
B1504,Female,35,Nainital,Uttarakhand,Digital Literacy,2025-08-24,4,3884,Completed,29,65,124.14,Employed,Improved
B1505,Male,29,Haridwar,Uttarakhand,Digital Literacy,2025-03-03,6,1836,Completed,70,92,31.43,Unemployed,Improved
B1506,Female,19,Nainital,Uttarakhand,Digital Literacy,2024-04-01,8,2757,Completed,54,62,14.81,Employed,Not Improved
B1507,Male,39,Haridwar,Uttarakhand,Digital Literacy,2025-07-01,6,2657,Completed,24,53,120.83,Employed,Improved
B1508,Female,35,Haridwar,Uttarakhand,Employment Readiness,2024-10-31,4,3938,Incomplete,22,39,77.27,Unemployed,Improved
B1509,Male,29,Roorkee,Uttarakhand,Skill Development,2024-01-19,6,2488,Completed,23,49,113.04,Employed,Improved
B1510,Female,42,Nainital,Uttarakhand,Employment Readiness,2025-08-12,8,4625,Completed,68,79,16.18,Unemployed,Not Improved
B1511,Female,22,Nainital,Uttarakhand,Employment Readiness,2025-09-20,6,2041,Incomplete,69,99,43.48,Unemployed,Improved
B1512,Male,38,Udham Singh Nagar,Uttarakhand,Digital Literacy,2025-07-07,6,1010,Completed,68,100,47.06,Unemployed,Improved
B1513,Female,44,Roorkee,Uttarakhand,Skill Development,2025-11-14,8,1962,Completed,24,30,25.0,Unemployed,Improved
B1514,Male,21,Dehradun,Uttarakhand,Skill Development,2024-09-17,8,2519,Completed,20,53,165.0,Employed,Improved
B1515,Male,26,Nainital,Uttarakhand,Digital Literacy,2024-06-17,6,2299,Incomplete,49,72,46.94,Employed,Improved
B1516,Female,39,Dehradun,Uttarakhand,Digital Literacy,2025-07-15,4,3988,Completed,22,57,159.09,Unemployed,Improved
B1517,Male,44,Nainital,Uttarakhand,Skill Development,2024-03-04,6,3078,Completed,60,85,41.67,Unemployed,Improved
B1518,Female,20,Udham Singh Nagar,Uttarakhand,Employment Readiness,2024-08-03,6,1224,Completed,31,48,54.84,Unemployed,Improved
B1519,Male,31,Dehradun,Uttarakhand,Digital Literacy,2025-07-15,6,2503,Completed,20,55,175.0,Employed,Improved
B1520,Female,19,Udham Singh Nagar,Uttarakhand,Digital Literacy,2024-05-20,4,1731,Completed,61,88,44.26,Unemployed,Improved
B1521,Female,30,Haridwar,Uttarakhand,Digital Literacy,2024-11-20,8,3119,Completed,56,83,48.21,Employed,Improved
B1522,Female,24,Roorkee,Uttarakhand,Employment Readiness,2025-06-23,4,4070,Completed,62,93,50.0,Unemployed,Improved
B1523,Female,20,Haridwar,Uttarakhand,Skill Development,2024-11-04,4,2430,Completed,21,30,42.86,Unemployed,Improved
B1524,Male,18,Haridwar,Uttarakhand,Skill Development,2025-02-28,6,4144,Completed,46,55,19.57,Employed,Not Improved
B1525,Female,43,Dehradun,Uttarakhand,Employment Readiness,2025-11-08,4,3068,Completed,36,65,80.56,Employed,Improved
B1526,Female,44,Dehradun,Uttarakhand,Employment Readiness,2024-12-28,4,3378,Completed,41,63,53.66,Unemployed,Improved
B1527,Male,30,Udham Singh Nagar,Uttarakhand,Skill Development,2024-11-04,8,1296,Completed,20,54,170.0,Unemployed,Improved
B1528,Male,43,Nainital,Uttarakhand,Employment Readiness,2024-06-22,6,1907,Completed,39,53,35.9,Employed,Improved
B1529,Female,25,Nainital,Uttarakhand,Employment Readiness,2025-07-18,6,1808,Completed,37,44,18.92,Employed,Not Improved
B1530,Female,32,Nainital,Uttarakhand,Digital Literacy,2025-06-04,8,3603,Completed,69,79,14.49,Employed,Not Improved
B1531,Female,39,Dehradun,Uttarakhand,Skill Development,2025-02-08,4,1424,Completed,57,93,63.16,Unemployed,Improved
B1532,Female,24,Nainital,Uttarakhand,Skill Development,2024-06-12,8,4482,Completed,25,42,68.0,Employed,Improved
B1533,Female,21,Haridwar,Uttarakhand,Digital Literacy,2024-01-05,4,3058,Completed,41,51,24.39,Unemployed,Improved
B1534,Female,18,Roorkee,Uttarakhand,Employment Readiness,2025-10-07,8,1965,Incomplete,25,56,124.0,Unemployed,Improved
B1535,Female,19,Dehradun,Uttarakhand,Skill Development,2025-02-23,4,4462,Completed,53,86,62.26,Employed,Improved
B1536,Male,31,Dehradun,Uttarakhand,Digital Literacy,2025-11-26,8,3142,Incomplete,63,82,30.16,Employed,Improved
B1537,Male,42,Nainital,Uttarakhand,Digital Literacy,2025-05-30,8,2617,Completed,34,50,47.06,Employed,Improved
B1538,Female,26,Haridwar,Uttarakhand,Skill Development,2025-04-27,6,3641,Incomplete,36,49,36.11,Unemployed,Improved
B1539,Female,28,Dehradun,Uttarakhand,Digital Literacy,2025-10-22,8,2329,Completed,47,64,36.17,Unemployed,Improved
B1540,Male,21,Dehradun,Uttarakhand,Employment Readiness,2024-01-18,6,4050,Completed,38,58,52.63,Unemployed,Improved
B1541,Female,30,Dehradun,Uttarakhand,Skill Development,2024-08-07,8,3830,Completed,69,100,44.93,Employed,Improved
B1542,Female,40,Nainital,Uttarakhand,Skill Development,2024-05-09,8,4658,Completed,40,56,40.0,Employed,Improved
B1543,Male,40,Nainital,Uttarakhand,Skill Development,2024-06-25,4,4830,Completed,38,71,86.84,Unemployed,Improved
B1544,Male,31,Roorkee,Uttarakhand,Employment Readiness,2024-05-12,6,2878,Completed,37,61,64.86,Employed,Improved
B1545,Male,39,Haridwar,Uttarakhand,Employment Readiness,2025-01-12,6,2247,Completed,20,42,110.0,Unemployed,Improved
B1546,Male,41,Roorkee,Uttarakhand,Employment Readiness,2024-05-06,8,2051,Completed,31,38,22.58,Unemployed,Improved
B1547,Female,27,Udham Singh Nagar,Uttarakhand,Skill Development,2024-10-29,8,4752,Completed,60,75,25.0,Employed,Improved
B1548,Male,37,Haridwar,Uttarakhand,Digital Literacy,2024-03-09,8,1193,Completed,20,27,35.0,Unemployed,Improved
B1549,Male,44,Roorkee,Uttarakhand,Employment Readiness,2024-12-17,8,1053,Completed,48,86,79.17,Employed,Improved
B1550,Male,45,Haridwar,Uttarakhand,Employment Readiness,2025-10-04,6,3377,Completed,33,60,81.82,Employed,Improved
B1551,Male,43,Dehradun,Uttarakhand,Digital Literacy,2025-11-11,4,4759,Completed,56,93,66.07,Unemployed,Improved
B1552,Male,42,Dehradun,Uttarakhand,Digital Literacy,2024-07-25,6,1737,Completed,30,46,53.33,Employed,Improved
B1553,Male,29,Dehradun,Uttarakhand,Digital Literacy,2025-06-19,8,4095,Completed,64,86,34.38,Employed,Improved
B1554,Male,33,Roorkee,Uttarakhand,Skill Development,2025-08-19,8,3449,Completed,63,77,22.22,Employed,Improved
B1555,Female,26,Dehradun,Uttarakhand,Employment Readiness,2024-04-20,6,2091,Completed,46,82,78.26,Employed,Improved
B1556,Female,36,Roorkee,Uttarakhand,Employment Readiness,2024-02-23,8,1806,Completed,45,60,33.33,Employed,Improved
B1557,Male,36,Dehradun,Uttarakhand,Digital Literacy,2024-10-25,8,2294,Completed,67,100,49.25,Employed,Improved
B1558,Female,43,Dehradun,Uttarakhand,Employment Readiness,2025-04-29,8,1064,Completed,62,95,53.23,Employed,Improved
B1559,Female,38,Dehradun,Uttarakhand,Employment Readiness,2025-08-15,6,3226,Incomplete,25,48,92.0,Employed,Improved
B1560,Female,40,Haridwar,Uttarakhand,Skill Development,2025-12-26,6,4122,Completed,26,62,138.46,Unemployed,Improved
B1561,Female,30,Udham Singh Nagar,Uttarakhand,Digital Literacy,2024-09-23,8,1751,Completed,54,65,20.37,Employed,Improved
B1562,Female,38,Dehradun,Uttarakhand,Digital Literacy,2025-11-18,4,3853,Completed,23,44,91.3,Unemployed,Improved
B1563,Male,25,Dehradun,Uttarakhand,Digital Literacy,2024-01-19,8,1914,Incomplete,35,59,68.57,Employed,Improved
B1564,Male,40,Haridwar,Uttarakhand,Skill Development,2024-09-09,8,2289,Completed,23,54,134.78,Unemployed,Improved
B1565,Female,21,Haridwar,Uttarakhand,Digital Literacy,2025-10-07,8,4286,Incomplete,54,61,12.96,Employed,Not Improved
B1566,Male,41,Haridwar,Uttarakhand,Employment Readiness,2024-04-25,6,4175,Completed,69,100,44.93,Employed,Improved
B1567,Female,37,Haridwar,Uttarakhand,Employment Readiness,2024-08-25,8,4699,Incomplete,21,29,38.1,Unemployed,Improved
B1568,Female,19,Haridwar,Uttarakhand,Skill Development,2025-02-19,4,4985,Completed,57,82,43.86,Employed,Improved
B1569,Male,32,Roorkee,Uttarakhand,Employment Readiness,2024-04-04,8,4787,Incomplete,69,100,44.93,Unemployed,Improved
B1570,Male,27,Haridwar,Uttarakhand,Skill Development,2024-03-27,4,1721,Completed,30,50,66.67,Employed,Improved
B1571,Male,45,Udham Singh Nagar,Uttarakhand,Employment Readiness,2024-08-10,6,2957,Completed,47,58,23.4,Employed,Improved
B1572,Female,30,Dehradun,Uttarakhand,Digital Literacy,2024-11-23,4,3347,Completed,26,44,69.23,Employed,Improved
B1573,Female,43,Roorkee,Uttarakhand,Digital Literacy,2025-08-18,6,2160,Completed,70,86,22.86,Employed,Improved
B1574,Female,26,Nainital,Uttarakhand,Employment Readiness,2024-01-24,8,1469,Completed,43,54,25.58,Unemployed,Improved
B1575,Male,32,Nainital,Uttarakhand,Skill Development,2024-02-25,4,2420,Completed,22,57,159.09,Employed,Improved
B1576,Male,42,Haridwar,Uttarakhand,Skill Development,2024-10-24,6,3460,Completed,68,100,47.06,Unemployed,Improved
B1577,Female,40,Haridwar,Uttarakhand,Digital Literacy,2024-02-26,4,3774,Completed,36,68,88.89,Unemployed,Improved
B1578,Male,30,Dehradun,Uttarakhand,Employment Readiness,2025-01-17,8,4494,Completed,36,51,41.67,Unemployed,Improved
B1579,Male,38,Roorkee,Uttarakhand,Employment Readiness,2024-04-17,8,1870,Incomplete,40,66,65.0,Unemployed,Improved
B1580,Female,28,Udham Singh Nagar,Uttarakhand,Employment Readiness,2025-06-05,4,3647,Completed,29,55,89.66,Unemployed,Improved
B1581,Male,20,Udham Singh Nagar,Uttarakhand,Digital Literacy,2025-08-08,8,3556,Completed,38,55,44.74,Unemployed,Improved
B1582,Female,45,Nainital,Uttarakhand,Skill Development,2025-07-16,6,3179,Completed,53,74,39.62,Unemployed,Improved
B1583,Male,29,Roorkee,Uttarakhand,Skill Development,2024-05-06,6,1992,Completed,50,90,80.0,Employed,Improved
B1584,Male,29,Dehradun,Uttarakhand,Digital Literacy,2024-03-29,6,2423,Completed,35,70,100.0,Employed,Improved
B1585,Female,44,Haridwar,Uttarakhand,Digital Literacy,2025-10-02,4,1309,Completed,64,99,54.69,Unemployed,Improved
B1586,Male,36,Haridwar,Uttarakhand,Skill Development,2025-06-11,6,1030,Completed,61,66,8.2,Unemployed,Not Improved
B1587,Female,19,Haridwar,Uttarakhand,Employment Readiness,2024-06-03,8,3379,Completed,70,81,15.71,Unemployed,Not Improved
B1588,Male,18,Haridwar,Uttarakhand,Employment Readiness,2025-02-09,4,2281,Incomplete,51,73,43.14,Unemployed,Improved
B1589,Male,39,Roorkee,Uttarakhand,Skill Development,2024-09-08,6,1186,Completed,61,100,63.93,Employed,Improved
B1590,Male,39,Dehradun,Uttarakhand,Skill Development,2025-11-22,4,2925,Completed,58,64,10.34,Unemployed,Not Improved
B1591,Male,38,Dehradun,Uttarakhand,Digital Literacy,2025-06-08,4,4956,Completed,41,72,75.61,Employed,Improved
B1592,Male,27,Roorkee,Uttarakhand,Skill Development,2024-05-12,6,2491,Incomplete,40,57,42.5,Employed,Improved
B1593,Female,41,Dehradun,Uttarakhand,Digital Literacy,2025-11-16,4,3435,Completed,57,93,63.16,Unemployed,Improved
B1594,Female,32,Udham Singh Nagar,Uttarakhand,Skill Development,2025-07-07,4,2335,Incomplete,61,84,37.7,Employed,Improved
B1595,Male,36,Nainital,Uttarakhand,Digital Literacy,2024-11-30,6,3202,Completed,34,66,94.12,Unemployed,Improved
B1596,Male,43,Dehradun,Uttarakhand,Employment Readiness,2025-06-18,8,4962,Completed,61,70,14.75,Employed,Not Improved
B1597,Male,43,Dehradun,Uttarakhand,Employment Readiness,2024-06-25,6,4427,Incomplete,48,86,79.17,Unemployed,Improved
B1598,Male,18,Roorkee,Uttarakhand,Skill Development,2024-08-17,4,1302,Completed,42,72,71.43,Employed,Improved
B1599,Male,41,Roorkee,Uttarakhand,Employment Readiness,2024-10-16,4,4559,Incomplete,57,82,43.86,Unemployed,Improved
B1600,Female,21,Dehradun,Uttarakhand,Skill Development,2025-08-12,6,3553,Completed,37,54,45.95,Employed,Improved
B1601,Female,36,Nainital,Uttarakhand,Employment Readiness,2025-04-27,4,3655,Completed,40,66,65.0,Unemployed,Improved
B1602,Male,33,Udham Singh Nagar,Uttarakhand,Skill Development,2024-04-03,4,4620,Incomplete,53,58,9.43,Employed,Not Improved
B1603,Female,21,Haridwar,Uttarakhand,Employment Readiness,2024-03-01,6,1481,Completed,63,92,46.03,Unemployed,Improved
B1604,Male,19,Udham Singh Nagar,Uttarakhand,Digital Literacy,2025-02-02,4,1741,Completed,23,59,156.52,Unemployed,Improved
B1605,Female,18,Roorkee,Uttarakhand,Digital Literacy,2024-01-29,4,3189,Completed,52,78,50.0,Unemployed,Improved
B1606,Male,20,Dehradun,Uttarakhand,Employment Readiness,2024-02-19,6,2503,Completed,35,65,85.71,Employed,Improved
B1607,Male,44,Haridwar,Uttarakhand,Skill Development,2025-07-23,8,1487,Incomplete,52,87,67.31,Employed,Improved
B1608,Female,27,Dehradun,Uttarakhand,Digital Literacy,2025-09-19,6,2131,Completed,32,51,59.38,Employed,Improved
B1609,Female,22,Haridwar,Uttarakhand,Digital Literacy,2025-01-13,6,3384,Completed,33,42,27.27,Unemployed,Improved
B1610,Female,41,Udham Singh Nagar,Uttarakhand,Employment Readiness,2025-01-20,8,3325,Completed,63,100,58.73,Employed,Improved
B1611,Female,43,Dehradun,Uttarakhand,Skill Development,2025-10-08,4,3257,Completed,46,70,52.17,Unemployed,Improved
B1612,Male,31,Nainital,Uttarakhand,Digital Literacy,2025-02-10,4,1377,Completed,27,63,133.33,Unemployed,Improved
B1613,Female,41,Udham Singh Nagar,Uttarakhand,Employment Readiness,2025-02-06,8,2793,Incomplete,61,73,19.67,Unemployed,Not Improved
B1614,Male,26,Nainital,Uttarakhand,Digital Literacy,2025-07-23,8,4125,Completed,51,59,15.69,Employed,Not Improved
B1615,Female,40,Haridwar,Uttarakhand,Digital Literacy,2024-05-26,4,3813,Completed,50,67,34.0,Employed,Improved
B1616,Female,20,Roorkee,Uttarakhand,Skill Development,2025-10-22,6,3163,Incomplete,28,65,132.14,Employed,Improved
B1617,Female,29,Nainital,Uttarakhand,Employment Readiness,2025-12-26,6,2081,Completed,33,63,90.91,Unemployed,Improved
B1618,Male,22,Udham Singh Nagar,Uttarakhand,Employment Readiness,2025-09-07,4,2130,Incomplete,30,37,23.33,Employed,Improved
B1619,Male,40,Udham Singh Nagar,Uttarakhand,Skill Development,2024-10-03,6,2041,Completed,29,47,62.07,Employed,Improved
B1620,Female,28,Udham Singh Nagar,Uttarakhand,Employment Readiness,2025-03-02,6,3463,Completed,51,65,27.45,Employed,Improved
B1621,Male,31,Udham Singh Nagar,Uttarakhand,Employment Readiness,2025-07-13,6,2778,Completed,68,85,25.0,Unemployed,Improved
B1622,Male,37,Roorkee,Uttarakhand,Skill Development,2024-08-11,6,3604,Completed,35,45,28.57,Employed,Improved
B1623,Female,28,Udham Singh Nagar,Uttarakhand,Digital Literacy,2025-10-11,8,4519,Completed,56,85,51.79,Employed,Improved
B1624,Female,25,Nainital,Uttarakhand,Digital Literacy,2024-04-10,8,2830,Incomplete,50,87,74.0,Employed,Improved
B1625,Male,33,Roorkee,Uttarakhand,Skill Development,2024-07-11,8,3829,Completed,68,97,42.65,Employed,Improved
B1626,Male,18,Nainital,Uttarakhand,Employment Readiness,2025-06-04,4,3791,Completed,44,64,45.45,Unemployed,Improved
B1627,Male,28,Roorkee,Uttarakhand,Digital Literacy,2025-07-26,4,1355,Completed,65,96,47.69,Unemployed,Improved
B1628,Female,38,Udham Singh Nagar,Uttarakhand,Skill Development,2025-06-26,8,4434,Completed,28,33,17.86,Unemployed,Not Improved
B1629,Male,23,Nainital,Uttarakhand,Skill Development,2024-03-13,4,2664,Incomplete,56,89,58.93,Employed,Improved
B1630,Female,27,Udham Singh Nagar,Uttarakhand,Digital Literacy,2025-10-15,4,3641,Completed,49,80,63.27,Employed,Improved
B1631,Female,27,Udham Singh Nagar,Uttarakhand,Skill Development,2024-03-27,6,3786,Completed,39,62,58.97,Employed,Improved
B1632,Male,19,Udham Singh Nagar,Uttarakhand,Skill Development,2025-12-06,6,1986,Completed,63,77,22.22,Unemployed,Improved
B1633,Female,21,Haridwar,Uttarakhand,Skill Development,2024-10-24,6,3935,Completed,47,84,78.72,Unemployed,Improved
B1634,Male,24,Haridwar,Uttarakhand,Employment Readiness,2025-02-28,4,3247,Completed,35,65,85.71,Employed,Improved
B1635,Male,27,Udham Singh Nagar,Uttarakhand,Skill Development,2025-09-01,8,2999,Completed,36,60,66.67,Unemployed,Improved
B1636,Female,32,Nainital,Uttarakhand,Digital Literacy,2024-12-07,4,2980,Completed,46,72,56.52,Employed,Improved
B1637,Male,21,Nainital,Uttarakhand,Digital Literacy,2025-10-20,8,4375,Completed,60,84,40.0,Employed,Improved
B1638,Female,41,Nainital,Uttarakhand,Digital Literacy,2025-06-19,4,1189,Completed,60,97,61.67,Employed,Improved
B1639,Male,42,Haridwar,Uttarakhand,Employment Readiness,2025-03-29,4,2485,Incomplete,63,100,58.73,Employed,Improved
B1640,Female,30,Roorkee,Uttarakhand,Skill Development,2025-08-04,8,1070,Completed,33,69,109.09,Unemployed,Improved
B1641,Female,18,Roorkee,Uttarakhand,Digital Literacy,2024-02-25,6,4420,Completed,68,90,32.35,Employed,Improved
B1642,Male,41,Dehradun,Uttarakhand,Employment Readiness,2025-11-11,8,1859,Completed,52,72,38.46,Employed,Improved
B1643,Male,19,Roorkee,Uttarakhand,Employment Readiness,2024-07-16,6,2926,Completed,51,60,17.65,Employed,Not Improved
B1644,Female,20,Nainital,Uttarakhand,Skill Development,2024-12-26,8,1493,Completed,31,57,83.87,Unemployed,Improved
B1645,Male,37,Haridwar,Uttarakhand,Employment Readiness,2024-11-09,8,1213,Completed,65,74,13.85,Unemployed,Not Improved
B1646,Male,26,Dehradun,Uttarakhand,Employment Readiness,2024-08-20,4,2810,Completed,53,60,13.21,Unemployed,Not Improved
B1647,Female,24,Haridwar,Uttarakhand,Employment Readiness,2025-06-24,8,3666,Completed,57,94,64.91,Unemployed,Improved
B1648,Male,27,Haridwar,Uttarakhand,Digital Literacy,2025-04-03,6,4649,Incomplete,38,57,50.0,Unemployed,Improved
B1649,Female,19,Roorkee,Uttarakhand,Digital Literacy,2025-02-12,4,2778,Completed,37,68,83.78,Employed,Improved
B1650,Female,32,Roorkee,Uttarakhand,Digital Literacy,2025-03-08,8,1863,Completed,59,89,50.85,Employed,Improved
B1651,Female,40,Roorkee,Uttarakhand,Digital Literacy,2024-08-01,4,4109,Completed,60,89,48.33,Employed,Improved
B1652,Male,42,Nainital,Uttarakhand,Employment Readiness,2025-11-18,6,1860,Completed,49,74,51.02,Employed,Improved
B1653,Male,19,Dehradun,Uttarakhand,Employment Readiness,2025-05-12,8,1056,Completed,47,68,44.68,Unemployed,Improved
B1654,Male,21,Udham Singh Nagar,Uttarakhand,Skill Development,2025-07-17,8,2120,Completed,23,29,26.09,Employed,Improved
B1655,Male,35,Roorkee,Uttarakhand,Digital Literacy,2024-01-12,6,1562,Completed,64,77,20.31,Unemployed,Improved
B1656,Male,19,Roorkee,Uttarakhand,Employment Readiness,2025-11-29,8,3906,Completed,68,73,7.35,Unemployed,Not Improved
B1657,Female,42,Nainital,Uttarakhand,Digital Literacy,2024-09-12,4,2119,Completed,54,64,18.52,Employed,Not Improved
B1658,Female,43,Nainital,Uttarakhand,Skill Development,2025-11-08,8,2921,Completed,41,57,39.02,Employed,Improved
B1659,Female,28,Roorkee,Uttarakhand,Employment Readiness,2024-09-21,8,4041,Completed,24,29,20.83,Employed,Improved
B1660,Male,20,Dehradun,Uttarakhand,Skill Development,2024-02-08,8,2120,Completed,30,63,110.0,Unemployed,Improved
B1661,Female,18,Roorkee,Uttarakhand,Digital Literacy,2024-10-12,6,3471,Incomplete,27,47,74.07,Employed,Improved
B1662,Female,44,Nainital,Uttarakhand,Skill Development,2024-04-13,6,4657,Completed,51,76,49.02,Unemployed,Improved
B1663,Female,39,Udham Singh Nagar,Uttarakhand,Digital Literacy,2024-11-24,4,1524,Completed,34,51,50.0,Employed,Improved
B1664,Female,23,Udham Singh Nagar,Uttarakhand,Digital Literacy,2024-02-08,8,1481,Completed,65,73,12.31,Unemployed,Not Improved
B1665,Female,36,Dehradun,Uttarakhand,Digital Literacy,2025-04-07,8,3504,Completed,27,51,88.89,Employed,Improved
B1666,Female,44,Haridwar,Uttarakhand,Skill Development,2025-02-03,6,4772,Completed,28,41,46.43,Employed,Improved
B1667,Female,28,Roorkee,Uttarakhand,Employment Readiness,2025-01-23,6,1182,Completed,55,62,12.73,Unemployed,Not Improved
B1668,Female,42,Udham Singh Nagar,Uttarakhand,Employment Readiness,2025-04-02,4,1718,Completed,59,73,23.73,Unemployed,Improved
B1669,Female,36,Nainital,Uttarakhand,Digital Literacy,2024-12-07,4,3361,Completed,21,27,28.57,Unemployed,Improved
B1670,Male,18,Dehradun,Uttarakhand,Skill Development,2024-02-28,4,4717,Completed,45,77,71.11,Employed,Improved
B1671,Male,24,Dehradun,Uttarakhand,Employment Readiness,2024-05-21,6,2667,Completed,58,67,15.52,Unemployed,Not Improved
B1672,Male,33,Dehradun,Uttarakhand,Employment Readiness,2025-02-06,4,4824,Completed,20,39,95.0,Employed,Improved
B1673,Male,33,Haridwar,Uttarakhand,Employment Readiness,2025-07-29,4,1975,Completed,66,94,42.42,Employed,Improved
B1674,Female,43,Udham Singh Nagar,Uttarakhand,Employment Readiness,2024-08-10,8,2769,Completed,44,71,61.36,Unemployed,Improved
B1675,Male,42,Roorkee,Uttarakhand,Employment Readiness,2025-06-15,6,4910,Completed,55,90,63.64,Employed,Improved
B1676,Male,29,Haridwar,Uttarakhand,Skill Development,2025-11-26,6,4691,Completed,33,57,72.73,Unemployed,Improved
B1677,Male,21,Nainital,Uttarakhand,Digital Literacy,2024-12-06,8,3937,Completed,43,53,23.26,Unemployed,Improved
B1678,Female,23,Nainital,Uttarakhand,Digital Literacy,2025-03-17,4,2878,Completed,44,74,68.18,Employed,Improved
B1679,Female,26,Haridwar,Uttarakhand,Employment Readiness,2025-07-03,4,2393,Completed,35,48,37.14,Unemployed,Improved
B1680,Female,33,Roorkee,Uttarakhand,Digital Literacy,2024-10-08,6,3334,Incomplete,63,93,47.62,Unemployed,Improved
B1681,Male,26,Haridwar,Uttarakhand,Employment Readiness,2025-03-07,8,3156,Completed,65,71,9.23,Unemployed,Not Improved
B1682,Male,40,Haridwar,Uttarakhand,Employment Readiness,2024-07-05,8,2850,Completed,52,92,76.92,Unemployed,Improved
B1683,Female,28,Dehradun,Uttarakhand,Employment Readiness,2024-01-29,8,4363,Completed,33,54,63.64,Unemployed,Improved
B1684,Female,26,Roorkee,Uttarakhand,Skill Development,2024-03-30,6,3441,Completed,28,67,139.29,Employed,Improved
B1685,Female,26,Udham Singh Nagar,Uttarakhand,Skill Development,2024-12-28,8,4324,Incomplete,53,67,26.42,Unemployed,Improved
B1686,Female,28,Roorkee,Uttarakhand,Employment Readiness,2025-10-13,6,3899,Completed,40,52,30.0,Employed,Improved
B1687,Male,27,Haridwar,Uttarakhand,Digital Literacy,2024-08-20,8,4964,Completed,68,73,7.35,Employed,Not Improved
B1688,Male,20,Roorkee,Uttarakhand,Digital Literacy,2024-07-21,8,4392,Completed,55,87,58.18,Unemployed,Improved
B1689,Female,41,Roorkee,Uttarakhand,Skill Development,2024-02-11,6,4070,Completed,26,61,134.62,Employed,Improved
B1690,Female,30,Dehradun,Uttarakhand,Digital Literacy,2025-03-06,4,2196,Completed,64,78,21.88,Employed,Improved
B1691,Male,34,Udham Singh Nagar,Uttarakhand,Employment Readiness,2025-09-20,6,4997,Completed,66,86,30.3,Employed,Improved
B1692,Female,34,Haridwar,Uttarakhand,Skill Development,2024-05-14,6,2946,Incomplete,43,54,25.58,Employed,Improved
B1693,Female,39,Roorkee,Uttarakhand,Employment Readiness,2024-01-31,6,4896,Completed,36,58,61.11,Employed,Improved
B1694,Female,42,Roorkee,Uttarakhand,Skill Development,2024-12-04,4,1672,Incomplete,49,65,32.65,Unemployed,Improved
B1695,Female,32,Roorkee,Uttarakhand,Employment Readiness,2025-09-26,6,3132,Incomplete,67,73,8.96,Unemployed,Not Improved
B1696,Male,23,Haridwar,Uttarakhand,Skill Development,2024-09-05,6,1177,Completed,42,65,54.76,Employed,Improved
B1697,Female,20,Dehradun,Uttarakhand,Skill Development,2024-01-06,4,4866,Completed,54,67,24.07,Unemployed,Improved
B1698,Male,34,Udham Singh Nagar,Uttarakhand,Digital Literacy,2025-01-13,8,4079,Completed,66,93,40.91,Employed,Improved
B1699,Male,41,Haridwar,Uttarakhand,Skill Development,2025-09-10,4,1973,Completed,42,72,71.43,Employed,Improved
B1700,Female,29,Dehradun,Uttarakhand,Employment Readiness,2025-02-08,8,4064,Completed,28,55,96.43,Employed,Improved
B1701,Female,29,Dehradun,Uttarakhand,Employment Readiness,2025-05-05,8,2711,Incomplete,43,64,48.84,Employed,Improved
B1702,Female,23,Nainital,Uttarakhand,Digital Literacy,2025-09-12,4,4150,Completed,54,79,46.3,Unemployed,Improved
B1703,Female,27,Udham Singh Nagar,Uttarakhand,Digital Literacy,2025-06-13,8,3679,Completed,25,42,68.0,Unemployed,Improved
B1704,Female,25,Nainital,Uttarakhand,Employment Readiness,2024-08-12,4,2662,Completed,62,99,59.68,Employed,Improved
B1705,Female,23,Udham Singh Nagar,Uttarakhand,Employment Readiness,2024-11-05,6,3707,Completed,34,45,32.35,Employed,Improved
B1706,Male,29,Dehradun,Uttarakhand,Digital Literacy,2024-01-01,4,1262,Completed,49,63,28.57,Unemployed,Improved
B1707,Male,29,Roorkee,Uttarakhand,Employment Readiness,2024-09-17,4,3216,Completed,34,49,44.12,Unemployed,Improved
B1708,Male,22,Roorkee,Uttarakhand,Digital Literacy,2025-08-22,6,4620,Completed,66,73,10.61,Employed,Not Improved
B1709,Male,36,Udham Singh Nagar,Uttarakhand,Digital Literacy,2025-11-30,6,2454,Completed,41,63,53.66,Unemployed,Improved
B1710,Female,19,Nainital,Uttarakhand,Digital Literacy,2024-05-13,8,2984,Incomplete,41,54,31.71,Unemployed,Improved
B1711,Female,36,Nainital,Uttarakhand,Skill Development,2024-02-04,8,4515,Completed,32,62,93.75,Employed,Improved
B1712,Female,37,Udham Singh Nagar,Uttarakhand,Employment Readiness,2025-04-16,8,3952,Completed,44,61,38.64,Employed,Improved
B1713,Male,27,Roorkee,Uttarakhand,Employment Readiness,2024-11-24,8,3272,Completed,60,88,46.67,Employed,Improved
B1714,Male,28,Nainital,Uttarakhand,Skill Development,2024-07-06,8,1489,Completed,21,40,90.48,Unemployed,Improved
B1715,Female,23,Dehradun,Uttarakhand,Digital Literacy,2025-07-24,8,2487,Completed,54,74,37.04,Employed,Improved
B1716,Male,45,Nainital,Uttarakhand,Employment Readiness,2024-03-09,8,4623,Completed,49,56,14.29,Unemployed,Not Improved
B1717,Male,34,Haridwar,Uttarakhand,Skill Development,2025-11-18,6,2984,Completed,51,75,47.06,Employed,Improved
B1718,Female,32,Roorkee,Uttarakhand,Employment Readiness,2024-10-07,8,1054,Completed,61,98,60.66,Unemployed,Improved
B1719,Female,22,Dehradun,Uttarakhand,Digital Literacy,2024-07-18,8,1501,Incomplete,64,100,56.25,Employed,Improved
B1720,Male,37,Nainital,Uttarakhand,Digital Literacy,2024-07-05,6,1982,Completed,60,92,53.33,Employed,Improved
B1721,Female,42,Dehradun,Uttarakhand,Employment Readiness,2024-05-30,4,1373,Completed,46,83,80.43,Unemployed,Improved
B1722,Female,37,Haridwar,Uttarakhand,Skill Development,2025-07-30,4,3097,Completed,56,87,55.36,Unemployed,Improved
B1723,Male,39,Dehradun,Uttarakhand,Employment Readiness,2024-08-27,4,1803,Incomplete,53,74,39.62,Unemployed,Improved
B1724,Male,40,Nainital,Uttarakhand,Digital Literacy,2024-02-06,6,3281,Completed,29,50,72.41,Unemployed,Improved
B1725,Female,25,Nainital,Uttarakhand,Employment Readiness,2025-07-22,8,1324,Completed,38,52,36.84,Employed,Improved
B1726,Male,43,Nainital,Uttarakhand,Digital Literacy,2025-08-29,4,1775,Completed,50,68,36.0,Unemployed,Improved
B1727,Female,32,Dehradun,Uttarakhand,Skill Development,2024-07-15,8,4602,Completed,27,43,59.26,Unemployed,Improved
B1728,Female,44,Dehradun,Uttarakhand,Employment Readiness,2025-02-24,8,4814,Completed,62,94,51.61,Unemployed,Improved
B1729,Male,35,Dehradun,Uttarakhand,Skill Development,2025-06-25,8,4507,Incomplete,38,78,105.26,Employed,Improved
B1730,Female,44,Nainital,Uttarakhand,Digital Literacy,2025-09-03,8,1491,Completed,46,82,78.26,Employed,Improved
B1731,Female,30,Udham Singh Nagar,Uttarakhand,Skill Development,2024-11-02,4,3843,Completed,55,64,16.36,Unemployed,Not Improved
B1732,Female,23,Nainital,Uttarakhand,Employment Readiness,2025-03-27,4,2836,Incomplete,43,80,86.05,Unemployed,Improved
B1733,Female,31,Nainital,Uttarakhand,Skill Development,2025-11-15,8,3670,Completed,45,54,20.0,Unemployed,Improved
B1734,Female,26,Dehradun,Uttarakhand,Skill Development,2024-12-13,8,3900,Completed,46,70,52.17,Employed,Improved
B1735,Female,38,Roorkee,Uttarakhand,Skill Development,2024-07-25,4,4106,Completed,39,51,30.77,Unemployed,Improved
B1736,Male,28,Haridwar,Uttarakhand,Digital Literacy,2025-07-28,4,1685,Completed,67,86,28.36,Unemployed,Improved
B1737,Male,33,Haridwar,Uttarakhand,Skill Development,2025-09-22,8,2152,Completed,30,37,23.33,Employed,Improved
B1738,Female,39,Roorkee,Uttarakhand,Employment Readiness,2025-12-24,6,1819,Completed,69,100,44.93,Unemployed,Improved
B1739,Female,28,Dehradun,Uttarakhand,Employment Readiness,2025-03-06,8,4157,Completed,58,63,8.62,Unemployed,Not Improved
B1740,Male,45,Roorkee,Uttarakhand,Employment Readiness,2024-08-05,8,3668,Completed,50,59,18.0,Employed,Not Improved
B1741,Male,23,Nainital,Uttarakhand,Digital Literacy,2024-11-27,8,1073,Completed,27,46,70.37,Employed,Improved
B1742,Male,35,Roorkee,Uttarakhand,Skill Development,2025-07-27,4,1675,Incomplete,33,41,24.24,Unemployed,Improved
B1743,Male,40,Udham Singh Nagar,Uttarakhand,Employment Readiness,2025-02-27,6,2530,Completed,60,98,63.33,Unemployed,Improved
B1744,Female,34,Nainital,Uttarakhand,Skill Development,2024-05-14,6,1564,Incomplete,21,46,119.05,Employed,Improved
B1745,Male,29,Haridwar,Uttarakhand,Employment Readiness,2025-04-06,8,1001,Completed,24,32,33.33,Unemployed,Improved
B1746,Male,40,Udham Singh Nagar,Uttarakhand,Skill Development,2024-07-14,4,4171,Completed,48,74,54.17,Employed,Improved
B1747,Male,33,Dehradun,Uttarakhand,Employment Readiness,2024-03-28,4,4273,Incomplete,47,73,55.32,Employed,Improved
B1748,Female,45,Roorkee,Uttarakhand,Employment Readiness,2024-08-22,4,1801,Completed,44,80,81.82,Employed,Improved
B1749,Male,41,Udham Singh Nagar,Uttarakhand,Digital Literacy,2024-07-28,6,3082,Completed,70,95,35.71,Unemployed,Improved
B1750,Male,23,Roorkee,Uttarakhand,Skill Development,2025-05-01,4,3884,Completed,20,32,60.0,Unemployed,Improved
B1751,Female,22,Udham Singh Nagar,Uttarakhand,Skill Development,2025-10-26,4,4563,Completed,69,85,23.19,Unemployed,Improved
B1752,Female,26,Haridwar,Uttarakhand,Employment Readiness,2025-06-04,6,4532,Completed,37,60,62.16,Employed,Improved
B1753,Male,36,Nainital,Uttarakhand,Employment Readiness,2025-09-26,6,3807,Completed,67,76,13.43,Unemployed,Not Improved
B1754,Female,28,Roorkee,Uttarakhand,Employment Readiness,2024-05-03,6,1687,Completed,37,76,105.41,Unemployed,Improved
B1755,Male,28,Dehradun,Uttarakhand,Digital Literacy,2025-07-28,6,4193,Completed,68,100,47.06,Employed,Improved
B1756,Female,37,Roorkee,Uttarakhand,Employment Readiness,2024-08-11,6,3245,Completed,50,58,16.0,Employed,Not Improved
B1757,Female,22,Haridwar,Uttarakhand,Digital Literacy,2025-02-08,4,1843,Completed,50,78,56.0,Unemployed,Improved
B1758,Female,18,Dehradun,Uttarakhand,Digital Literacy,2025-01-21,4,4913,Completed,63,93,47.62,Unemployed,Improved
B1759,Female,39,Roorkee,Uttarakhand,Digital Literacy,2025-12-21,8,1012,Completed,25,32,28.0,Employed,Improved
B1760,Male,32,Udham Singh Nagar,Uttarakhand,Skill Development,2024-11-11,6,2889,Completed,44,53,20.45,Unemployed,Improved
B1761,Male,31,Haridwar,Uttarakhand,Employment Readiness,2025-01-20,6,1102,Completed,59,98,66.1,Unemployed,Improved
B1762,Female,35,Dehradun,Uttarakhand,Digital Literacy,2024-09-01,6,3465,Completed,49,66,34.69,Employed,Improved
B1763,Female,36,Dehradun,Uttarakhand,Skill Development,2024-04-08,4,1916,Completed,24,29,20.83,Unemployed,Improved
B1764,Male,21,Nainital,Uttarakhand,Digital Literacy,2024-08-22,4,2652,Completed,38,53,39.47,Employed,Improved
B1765,Female,42,Dehradun,Uttarakhand,Digital Literacy,2024-12-08,6,2844,Incomplete,25,65,160.0,Unemployed,Improved
B1766,Male,34,Nainital,Uttarakhand,Skill Development,2024-09-12,6,3990,Completed,50,58,16.0,Unemployed,Not Improved
B1767,Female,39,Nainital,Uttarakhand,Employment Readiness,2025-04-01,8,3416,Completed,51,58,13.73,Unemployed,Not Improved
B1768,Female,31,Udham Singh Nagar,Uttarakhand,Employment Readiness,2024-10-28,6,2514,Completed,38,52,36.84,Employed,Improved
B1769,Male,34,Udham Singh Nagar,Uttarakhand,Employment Readiness,2024-09-27,4,2502,Completed,31,50,61.29,Employed,Improved
B1770,Male,21,Dehradun,Uttarakhand,Employment Readiness,2024-09-30,6,4449,Completed,27,40,48.15,Employed,Improved
B1771,Female,32,Roorkee,Uttarakhand,Skill Development,2024-04-13,4,3437,Completed,28,52,85.71,Unemployed,Improved
B1772,Female,33,Haridwar,Uttarakhand,Digital Literacy,2024-03-30,8,4010,Incomplete,25,45,80.0,Unemployed,Improved
B1773,Female,31,Udham Singh Nagar,Uttarakhand,Skill Development,2025-03-16,6,1189,Completed,23,52,126.09,Employed,Improved
B1774,Female,33,Nainital,Uttarakhand,Skill Development,2024-08-27,8,3205,Completed,67,100,49.25,Unemployed,Improved
B1775,Male,19,Nainital,Uttarakhand,Employment Readiness,2024-02-20,6,3128,Completed,66,100,51.52,Employed,Improved
B1776,Female,32,Dehradun,Uttarakhand,Digital Literacy,2024-09-15,6,2169,Completed,62,67,8.06,Unemployed,Not Improved
B1777,Male,26,Dehradun,Uttarakhand,Skill Development,2025-09-06,4,2299,Completed,37,67,81.08,Unemployed,Improved
B1778,Female,44,Dehradun,Uttarakhand,Employment Readiness,2025-07-23,4,2351,Completed,65,87,33.85,Employed,Improved
B1779,Female,34,Dehradun,Uttarakhand,Employment Readiness,2025-09-01,4,4817,Completed,47,72,53.19,Employed,Improved
B1780,Male,30,Haridwar,Uttarakhand,Skill Development,2025-05-21,4,3693,Completed,68,86,26.47,Employed,Improved
B1781,Male,39,Nainital,Uttarakhand,Employment Readiness,2024-12-03,8,3609,Completed,59,70,18.64,Employed,Not Improved
B1782,Female,24,Roorkee,Uttarakhand,Digital Literacy,2024-10-20,4,1598,Completed,61,100,63.93,Unemployed,Improved
B1783,Male,25,Dehradun,Uttarakhand,Skill Development,2025-06-11,8,2278,Completed,34,56,64.71,Unemployed,Improved
B1784,Female,39,Dehradun,Uttarakhand,Digital Literacy,2024-06-24,4,3715,Completed,70,92,31.43,Unemployed,Improved
B1785,Female,43,Roorkee,Uttarakhand,Skill Development,2025-02-12,8,2814,Completed,56,84,50.0,Unemployed,Improved
B1786,Male,32,Haridwar,Uttarakhand,Digital Literacy,2024-11-26,4,2384,Completed,45,69,53.33,Unemployed,Improved
B1787,Male,41,Haridwar,Uttarakhand,Employment Readiness,2024-11-09,8,4639,Completed,33,57,72.73,Unemployed,Improved
B1788,Female,42,Roorkee,Uttarakhand,Skill Development,2025-01-28,8,1973,Completed,51,66,29.41,Employed,Improved
B1789,Female,30,Nainital,Uttarakhand,Skill Development,2025-06-22,4,2250,Completed,41,64,56.1,Employed,Improved
B1790,Female,19,Dehradun,Uttarakhand,Employment Readiness,2024-12-20,8,1980,Completed,21,52,147.62,Employed,Improved
B1791,Female,27,Dehradun,Uttarakhand,Employment Readiness,2025-08-02,8,2583,Completed,59,96,62.71,Unemployed,Improved
B1792,Male,34,Haridwar,Uttarakhand,Skill Development,2025-09-17,6,2146,Completed,35,54,54.29,Unemployed,Improved
B1793,Male,18,Dehradun,Uttarakhand,Skill Development,2025-10-23,6,1974,Completed,20,25,25.0,Employed,Improved
B1794,Male,45,Udham Singh Nagar,Uttarakhand,Skill Development,2025-10-20,8,4941,Completed,25,48,92.0,Unemployed,Improved
B1795,Female,37,Roorkee,Uttarakhand,Digital Literacy,2025-10-24,4,1064,Completed,30,59,96.67,Unemployed,Improved
B1796,Male,29,Dehradun,Uttarakhand,Employment Readiness,2024-04-07,6,1970,Incomplete,44,50,13.64,Employed,Not Improved
B1797,Female,40,Nainital,Uttarakhand,Skill Development,2024-06-20,4,1991,Completed,53,90,69.81,Unemployed,Improved
B1798,Female,20,Udham Singh Nagar,Uttarakhand,Employment Readiness,2025-06-07,8,4870,Incomplete,62,75,20.97,Unemployed,Improved
B1799,Male,37,Nainital,Uttarakhand,Digital Literacy,2025-11-22,8,1211,Completed,32,44,37.5,Employed,Improved
B1800,Male,24,Nainital,Uttarakhand,Skill Development,2024-03-12,6,1238,Completed,39,56,43.59,Employed,Improved
B1801,Female,38,Nainital,Uttarakhand,Digital Literacy,2024-11-13,8,3346,Incomplete,54,61,12.96,Unemployed,Not Improved
B1802,Male,44,Roorkee,Uttarakhand,Digital Literacy,2025-06-24,4,1709,Completed,66,100,51.52,Employed,Improved
B1803,Female,28,Nainital,Uttarakhand,Digital Literacy,2024-06-26,4,3570,Completed,57,93,63.16,Unemployed,Improved
B1804,Male,28,Nainital,Uttarakhand,Skill Development,2024-11-08,8,3578,Completed,44,77,75.0,Employed,Improved
B1805,Male,35,Udham Singh Nagar,Uttarakhand,Skill Development,2024-05-20,4,1772,Completed,56,71,26.79,Employed,Improved
B1806,Male,22,Nainital,Uttarakhand,Digital Literacy,2024-03-28,6,3773,Incomplete,20,53,165.0,Employed,Improved
B1807,Female,38,Udham Singh Nagar,Uttarakhand,Skill Development,2025-06-10,4,2985,Completed,21,37,76.19,Unemployed,Improved
B1808,Female,38,Udham Singh Nagar,Uttarakhand,Skill Development,2025-11-01,6,1996,Completed,48,61,27.08,Unemployed,Improved
B1809,Female,19,Dehradun,Uttarakhand,Employment Readiness,2025-06-21,6,1411,Completed,46,63,36.96,Unemployed,Improved
B1810,Male,32,Udham Singh Nagar,Uttarakhand,Skill Development,2025-07-11,6,2367,Completed,67,76,13.43,Unemployed,Not Improved
B1811,Female,29,Roorkee,Uttarakhand,Digital Literacy,2024-05-02,6,2870,Completed,33,43,30.3,Employed,Improved
B1812,Male,36,Dehradun,Uttarakhand,Skill Development,2024-09-12,4,1790,Completed,47,55,17.02,Unemployed,Not Improved
B1813,Female,28,Roorkee,Uttarakhand,Digital Literacy,2024-03-26,6,3085,Completed,36,63,75.0,Employed,Improved
B1814,Female,22,Dehradun,Uttarakhand,Employment Readiness,2025-08-07,6,1941,Completed,62,76,22.58,Unemployed,Improved
B1815,Female,37,Haridwar,Uttarakhand,Digital Literacy,2024-10-25,8,1556,Completed,61,92,50.82,Unemployed,Improved
B1816,Female,22,Dehradun,Uttarakhand,Skill Development,2024-01-26,4,4599,Completed,42,74,76.19,Employed,Improved
B1817,Female,25,Dehradun,Uttarakhand,Employment Readiness,2025-01-08,8,3193,Completed,32,62,93.75,Unemployed,Improved
B1818,Male,26,Nainital,Uttarakhand,Employment Readiness,2025-12-03,8,4332,Completed,70,100,42.86,Unemployed,Improved
B1819,Female,33,Dehradun,Uttarakhand,Employment Readiness,2024-05-01,4,3007,Completed,37,56,51.35,Employed,Improved
B1820,Female,29,Nainital,Uttarakhand,Skill Development,2024-12-10,4,4190,Completed,33,43,30.3,Employed,Improved
B1821,Female,41,Nainital,Uttarakhand,Skill Development,2025-03-05,4,4932,Incomplete,31,40,29.03,Employed,Improved
B1822,Male,42,Roorkee,Uttarakhand,Skill Development,2024-07-30,6,4063,Incomplete,30,39,30.0,Employed,Improved
B1823,Female,28,Nainital,Uttarakhand,Employment Readiness,2025-09-26,6,2228,Incomplete,22,51,131.82,Unemployed,Improved
B1824,Male,19,Dehradun,Uttarakhand,Digital Literacy,2025-02-23,4,3419,Completed,49,83,69.39,Employed,Improved
B1825,Female,44,Nainital,Uttarakhand,Skill Development,2025-04-15,8,1371,Completed,31,64,106.45,Unemployed,Improved
B1826,Female,24,Udham Singh Nagar,Uttarakhand,Employment Readiness,2024-07-19,8,1110,Completed,32,52,62.5,Unemployed,Improved
B1827,Female,33,Dehradun,Uttarakhand,Digital Literacy,2025-05-05,8,3848,Completed,60,73,21.67,Unemployed,Improved
B1828,Male,29,Roorkee,Uttarakhand,Skill Development,2025-07-21,8,2751,Completed,69,100,44.93,Unemployed,Improved
B1829,Male,33,Nainital,Uttarakhand,Employment Readiness,2025-08-23,4,2340,Incomplete,67,100,49.25,Unemployed,Improved
B1830,Female,35,Nainital,Uttarakhand,Employment Readiness,2025-05-31,4,2657,Completed,51,78,52.94,Employed,Improved
B1831,Male,41,Haridwar,Uttarakhand,Digital Literacy,2024-03-31,6,2899,Completed,47,82,74.47,Unemployed,Improved
B1832,Female,34,Dehradun,Uttarakhand,Digital Literacy,2024-04-26,8,2348,Completed,26,65,150.0,Employed,Improved
B1833,Female,22,Haridwar,Uttarakhand,Digital Literacy,2025-08-18,4,3363,Completed,21,57,171.43,Employed,Improved
B1834,Female,34,Nainital,Uttarakhand,Skill Development,2024-06-05,8,4653,Completed,20,52,160.0,Unemployed,Improved
B1835,Female,24,Haridwar,Uttarakhand,Skill Development,2024-01-31,8,2596,Completed,53,80,50.94,Unemployed,Improved
B1836,Male,30,Haridwar,Uttarakhand,Skill Development,2024-01-24,6,3552,Completed,53,79,49.06,Employed,Improved
B1837,Female,35,Dehradun,Uttarakhand,Digital Literacy,2024-03-23,8,3410,Completed,64,99,54.69,Employed,Improved
B1838,Male,18,Udham Singh Nagar,Uttarakhand,Employment Readiness,2024-07-16,8,4438,Completed,24,38,58.33,Employed,Improved
B1839,Male,28,Nainital,Uttarakhand,Skill Development,2024-02-02,8,4073,Completed,33,47,42.42,Employed,Improved
B1840,Female,43,Nainital,Uttarakhand,Digital Literacy,2024-09-11,4,3735,Completed,60,91,51.67,Unemployed,Improved
B1841,Female,37,Udham Singh Nagar,Uttarakhand,Skill Development,2025-03-01,8,3082,Completed,38,74,94.74,Employed,Improved
B1842,Female,28,Udham Singh Nagar,Uttarakhand,Employment Readiness,2024-10-29,6,4653,Completed,33,62,87.88,Unemployed,Improved
B1843,Female,39,Haridwar,Uttarakhand,Digital Literacy,2025-07-03,6,3331,Completed,33,46,39.39,Employed,Improved
B1844,Male,23,Nainital,Uttarakhand,Digital Literacy,2024-01-29,8,2275,Completed,56,63,12.5,Employed,Not Improved
B1845,Female,32,Haridwar,Uttarakhand,Employment Readiness,2025-05-25,6,2882,Completed,57,96,68.42,Unemployed,Improved
B1846,Female,42,Nainital,Uttarakhand,Skill Development,2025-10-06,6,3183,Completed,30,35,16.67,Unemployed,Not Improved
B1847,Male,23,Nainital,Uttarakhand,Digital Literacy,2024-02-18,8,4997,Completed,51,61,19.61,Unemployed,Not Improved
B1848,Male,22,Haridwar,Uttarakhand,Skill Development,2024-02-03,4,1683,Completed,67,76,13.43,Employed,Not Improved
B1849,Male,41,Nainital,Uttarakhand,Digital Literacy,2024-10-26,8,2303,Completed,54,67,24.07,Unemployed,Improved
B1850,Female,40,Nainital,Uttarakhand,Skill Development,2025-03-30,6,2957,Incomplete,54,79,46.3,Employed,Improved
B1851,Male,39,Udham Singh Nagar,Uttarakhand,Employment Readiness,2025-10-21,4,4929,Completed,63,83,31.75,Unemployed,Improved
B1852,Male,29,Nainital,Uttarakhand,Digital Literacy,2024-01-08,8,1064,Completed,30,50,66.67,Unemployed,Improved
B1853,Male,41,Dehradun,Uttarakhand,Skill Development,2025-08-04,4,4670,Completed,46,74,60.87,Unemployed,Improved
B1854,Male,44,Dehradun,Uttarakhand,Employment Readiness,2024-12-23,4,1063,Completed,43,72,67.44,Unemployed,Improved
B1855,Male,21,Roorkee,Uttarakhand,Skill Development,2024-03-24,8,4673,Completed,57,71,24.56,Unemployed,Improved
B1856,Female,43,Nainital,Uttarakhand,Employment Readiness,2025-08-27,6,3604,Completed,66,77,16.67,Unemployed,Not Improved
B1857,Male,25,Haridwar,Uttarakhand,Skill Development,2025-05-06,6,2892,Completed,31,66,112.9,Unemployed,Improved
B1858,Male,23,Nainital,Uttarakhand,Employment Readiness,2025-09-16,8,4058,Incomplete,36,67,86.11,Unemployed,Improved
B1859,Male,32,Roorkee,Uttarakhand,Digital Literacy,2024-02-24,8,3852,Incomplete,63,77,22.22,Unemployed,Improved
B1860,Male,32,Nainital,Uttarakhand,Employment Readiness,2025-09-05,8,3155,Completed,22,50,127.27,Employed,Improved
B1861,Male,41,Roorkee,Uttarakhand,Skill Development,2024-07-17,8,3371,Completed,32,66,106.25,Unemployed,Improved
B1862,Male,31,Haridwar,Uttarakhand,Digital Literacy,2025-09-08,8,4911,Completed,34,66,94.12,Employed,Improved
B1863,Female,27,Dehradun,Uttarakhand,Employment Readiness,2024-01-15,6,2624,Completed,60,92,53.33,Employed,Improved
B1864,Male,34,Dehradun,Uttarakhand,Employment Readiness,2024-07-30,8,3473,Completed,70,100,42.86,Employed,Improved
B1865,Male,40,Dehradun,Uttarakhand,Employment Readiness,2024-03-12,8,2681,Completed,62,74,19.35,Unemployed,Not Improved
B1866,Female,44,Dehradun,Uttarakhand,Digital Literacy,2024-01-12,4,3113,Incomplete,59,66,11.86,Unemployed,Not Improved
B1867,Male,22,Haridwar,Uttarakhand,Skill Development,2025-07-12,4,1719,Completed,63,82,30.16,Employed,Improved
B1868,Female,27,Roorkee,Uttarakhand,Employment Readiness,2025-04-02,6,2109,Completed,62,100,61.29,Unemployed,Improved
B1869,Male,44,Roorkee,Uttarakhand,Digital Literacy,2025-05-19,4,1967,Completed,67,89,32.84,Unemployed,Improved
B1870,Male,37,Udham Singh Nagar,Uttarakhand,Skill Development,2025-01-29,4,4618,Completed,38,54,42.11,Employed,Improved
B1871,Male,42,Nainital,Uttarakhand,Digital Literacy,2024-11-22,8,4847,Completed,31,60,93.55,Unemployed,Improved
B1872,Female,39,Haridwar,Uttarakhand,Employment Readiness,2024-09-18,6,2416,Completed,59,75,27.12,Employed,Improved
B1873,Female,28,Dehradun,Uttarakhand,Employment Readiness,2024-11-27,6,4508,Completed,21,29,38.1,Unemployed,Improved
B1874,Male,43,Dehradun,Uttarakhand,Skill Development,2025-12-05,6,4658,Incomplete,64,99,54.69,Employed,Improved
B1875,Female,44,Roorkee,Uttarakhand,Skill Development,2025-11-06,6,3339,Completed,24,43,79.17,Employed,Improved
B1876,Male,38,Roorkee,Uttarakhand,Skill Development,2025-05-26,4,3720,Incomplete,46,64,39.13,Unemployed,Improved
B1877,Male,33,Nainital,Uttarakhand,Employment Readiness,2025-01-21,8,3165,Incomplete,60,88,46.67,Employed,Improved
B1878,Male,23,Roorkee,Uttarakhand,Employment Readiness,2024-05-27,4,4246,Completed,28,56,100.0,Employed,Improved
B1879,Male,28,Udham Singh Nagar,Uttarakhand,Digital Literacy,2024-08-05,8,4492,Completed,52,80,53.85,Employed,Improved
B1880,Male,45,Dehradun,Uttarakhand,Skill Development,2025-01-13,8,4185,Completed,30,63,110.0,Unemployed,Improved
B1881,Male,45,Nainital,Uttarakhand,Skill Development,2024-01-17,8,2353,Completed,38,51,34.21,Employed,Improved
B1882,Male,45,Roorkee,Uttarakhand,Skill Development,2025-07-26,4,1403,Completed,35,68,94.29,Employed,Improved
B1883,Male,24,Haridwar,Uttarakhand,Digital Literacy,2025-06-23,4,1066,Completed,43,76,76.74,Unemployed,Improved
B1884,Female,29,Haridwar,Uttarakhand,Skill Development,2024-11-17,4,4421,Completed,43,57,32.56,Employed,Improved
B1885,Female,21,Haridwar,Uttarakhand,Skill Development,2025-08-16,8,3595,Completed,57,81,42.11,Employed,Improved
B1886,Female,39,Roorkee,Uttarakhand,Employment Readiness,2024-04-06,8,1306,Completed,26,44,69.23,Employed,Improved
B1887,Male,22,Roorkee,Uttarakhand,Digital Literacy,2024-01-05,8,1282,Incomplete,46,53,15.22,Unemployed,Not Improved
B1888,Male,22,Dehradun,Uttarakhand,Skill Development,2025-11-30,4,4426,Completed,36,61,69.44,Unemployed,Improved
B1889,Male,34,Roorkee,Uttarakhand,Skill Development,2025-01-18,4,2525,Completed,69,100,44.93,Unemployed,Improved
B1890,Male,26,Udham Singh Nagar,Uttarakhand,Skill Development,2025-02-07,8,4065,Completed,31,67,116.13,Unemployed,Improved
B1891,Female,24,Roorkee,Uttarakhand,Employment Readiness,2025-03-23,6,3810,Incomplete,33,50,51.52,Employed,Improved
B1892,Female,32,Udham Singh Nagar,Uttarakhand,Employment Readiness,2024-02-03,8,3907,Completed,70,87,24.29,Unemployed,Improved
B1893,Male,22,Nainital,Uttarakhand,Employment Readiness,2025-09-11,6,3831,Completed,65,77,18.46,Unemployed,Not Improved
B1894,Female,25,Roorkee,Uttarakhand,Digital Literacy,2024-11-05,8,3590,Completed,67,92,37.31,Unemployed,Improved
B1895,Male,28,Roorkee,Uttarakhand,Skill Development,2025-02-02,4,4728,Completed,30,44,46.67,Employed,Improved
B1896,Female,19,Nainital,Uttarakhand,Skill Development,2024-06-19,8,4675,Completed,41,66,60.98,Unemployed,Improved
B1897,Female,38,Nainital,Uttarakhand,Skill Development,2025-08-31,6,2823,Completed,36,45,25.0,Unemployed,Improved
B1898,Male,38,Udham Singh Nagar,Uttarakhand,Employment Readiness,2025-01-29,6,1212,Completed,66,89,34.85,Employed,Improved
B1899,Female,24,Haridwar,Uttarakhand,Employment Readiness,2025-08-03,8,4771,Completed,44,55,25.0,Employed,Improved
B1900,Female,18,Haridwar,Uttarakhand,Employment Readiness,2024-11-26,8,2417,Completed,41,72,75.61,Employed,Improved
B1901,Male,41,Roorkee,Uttarakhand,Digital Literacy,2024-03-31,6,1462,Completed,69,100,44.93,Unemployed,Improved
B1902,Female,37,Roorkee,Uttarakhand,Digital Literacy,2025-11-19,4,3743,Completed,56,94,67.86,Employed,Improved
B1903,Male,25,Haridwar,Uttarakhand,Skill Development,2024-07-25,6,2717,Completed,32,60,87.5,Employed,Improved
B1904,Female,33,Dehradun,Uttarakhand,Skill Development,2025-01-26,4,2314,Completed,53,67,26.42,Unemployed,Improved
B1905,Male,30,Udham Singh Nagar,Uttarakhand,Skill Development,2024-08-20,6,2191,Completed,69,100,44.93,Unemployed,Improved
B1906,Female,30,Udham Singh Nagar,Uttarakhand,Employment Readiness,2025-10-30,6,1866,Incomplete,43,69,60.47,Employed,Improved
B1907,Female,26,Nainital,Uttarakhand,Skill Development,2025-02-20,8,1741,Completed,52,70,34.62,Employed,Improved
B1908,Male,27,Dehradun,Uttarakhand,Employment Readiness,2024-12-15,4,3458,Completed,47,66,40.43,Unemployed,Improved
B1909,Male,37,Nainital,Uttarakhand,Employment Readiness,2025-03-08,8,4383,Completed,41,51,24.39,Unemployed,Improved
B1910,Female,18,Roorkee,Uttarakhand,Employment Readiness,2025-06-29,8,4585,Incomplete,34,54,58.82,Unemployed,Improved
B1911,Male,31,Roorkee,Uttarakhand,Digital Literacy,2025-09-27,8,3594,Completed,53,81,52.83,Unemployed,Improved
B1912,Female,19,Nainital,Uttarakhand,Digital Literacy,2025-11-22,8,1148,Completed,46,81,76.09,Employed,Improved
B1913,Male,39,Haridwar,Uttarakhand,Digital Literacy,2024-02-15,4,3785,Incomplete,38,43,13.16,Employed,Not Improved
B1914,Male,38,Udham Singh Nagar,Uttarakhand,Employment Readiness,2025-03-24,8,1845,Completed,21,37,76.19,Unemployed,Improved
B1915,Male,23,Haridwar,Uttarakhand,Employment Readiness,2024-08-12,4,1838,Incomplete,68,96,41.18,Employed,Improved
B1916,Female,25,Udham Singh Nagar,Uttarakhand,Skill Development,2024-11-04,6,2051,Completed,69,99,43.48,Employed,Improved
B1917,Female,42,Nainital,Uttarakhand,Digital Literacy,2025-12-29,6,3288,Completed,40,57,42.5,Unemployed,Improved
B1918,Female,33,Dehradun,Uttarakhand,Skill Development,2024-01-25,4,1913,Completed,64,100,56.25,Unemployed,Improved
B1919,Male,25,Udham Singh Nagar,Uttarakhand,Employment Readiness,2024-12-17,6,2420,Completed,60,80,33.33,Unemployed,Improved
B1920,Male,18,Dehradun,Uttarakhand,Skill Development,2025-09-07,6,4258,Completed,40,45,12.5,Unemployed,Not Improved
B1921,Female,35,Udham Singh Nagar,Uttarakhand,Skill Development,2024-11-29,4,1733,Completed,64,97,51.56,Employed,Improved
B1922,Female,28,Udham Singh Nagar,Uttarakhand,Skill Development,2024-02-13,8,2087,Completed,38,59,55.26,Employed,Improved
B1923,Male,38,Haridwar,Uttarakhand,Digital Literacy,2025-04-26,6,1815,Completed,66,100,51.52,Unemployed,Improved
B1924,Female,20,Haridwar,Uttarakhand,Digital Literacy,2025-04-02,8,4832,Completed,50,76,52.0,Unemployed,Improved
B1925,Female,36,Udham Singh Nagar,Uttarakhand,Skill Development,2024-05-18,8,3150,Incomplete,63,100,58.73,Employed,Improved
B1926,Male,37,Nainital,Uttarakhand,Employment Readiness,2025-05-01,6,4182,Completed,24,55,129.17,Unemployed,Improved
B1927,Male,43,Dehradun,Uttarakhand,Skill Development,2025-12-04,8,4515,Completed,69,84,21.74,Employed,Improved
B1928,Male,20,Roorkee,Uttarakhand,Employment Readiness,2024-11-07,4,2183,Completed,26,34,30.77,Unemployed,Improved
B1929,Female,27,Haridwar,Uttarakhand,Digital Literacy,2024-03-27,8,1940,Completed,21,38,80.95,Employed,Improved
B1930,Male,23,Haridwar,Uttarakhand,Skill Development,2024-02-19,4,3836,Completed,61,68,11.48,Employed,Not Improved
B1931,Female,30,Haridwar,Uttarakhand,Employment Readiness,2024-10-12,4,3937,Completed,40,60,50.0,Employed,Improved
B1932,Female,45,Udham Singh Nagar,Uttarakhand,Digital Literacy,2024-11-03,6,3968,Completed,61,71,16.39,Unemployed,Not Improved
B1933,Female,18,Udham Singh Nagar,Uttarakhand,Skill Development,2024-02-17,6,3487,Completed,60,86,43.33,Unemployed,Improved
B1934,Female,40,Udham Singh Nagar,Uttarakhand,Skill Development,2025-09-27,8,3563,Completed,66,100,51.52,Unemployed,Improved
B1935,Male,22,Nainital,Uttarakhand,Digital Literacy,2024-02-26,6,4691,Incomplete,27,58,114.81,Unemployed,Improved
B1936,Female,42,Dehradun,Uttarakhand,Employment Readiness,2025-09-20,6,1373,Completed,61,86,40.98,Employed,Improved
B1937,Female,36,Haridwar,Uttarakhand,Employment Readiness,2025-03-27,8,3054,Incomplete,41,46,12.2,Unemployed,Not Improved
B1938,Female,35,Roorkee,Uttarakhand,Digital Literacy,2024-08-03,4,1808,Completed,22,52,136.36,Employed,Improved
B1939,Male,19,Udham Singh Nagar,Uttarakhand,Employment Readiness,2025-04-06,8,3246,Completed,54,73,35.19,Unemployed,Improved
B1940,Male,20,Nainital,Uttarakhand,Digital Literacy,2024-07-27,8,3591,Incomplete,48,75,56.25,Employed,Improved
B1941,Female,34,Roorkee,Uttarakhand,Skill Development,2024-08-12,6,2133,Incomplete,63,87,38.1,Employed,Improved
B1942,Female,39,Haridwar,Uttarakhand,Digital Literacy,2025-12-01,6,2944,Completed,35,58,65.71,Unemployed,Improved
B1943,Female,27,Haridwar,Uttarakhand,Digital Literacy,2024-04-05,6,4866,Completed,25,55,120.0,Employed,Improved
B1944,Female,34,Dehradun,Uttarakhand,Skill Development,2024-08-28,8,2421,Incomplete,42,69,64.29,Employed,Improved
B1945,Female,21,Dehradun,Uttarakhand,Employment Readiness,2025-03-13,6,1209,Completed,26,53,103.85,Unemployed,Improved
B1946,Female,41,Udham Singh Nagar,Uttarakhand,Skill Development,2025-10-30,6,4158,Completed,51,72,41.18,Unemployed,Improved
B1947,Female,21,Udham Singh Nagar,Uttarakhand,Skill Development,2024-12-25,6,4256,Completed,35,53,51.43,Unemployed,Improved
B1948,Female,27,Nainital,Uttarakhand,Skill Development,2024-04-21,8,2098,Completed,40,58,45.0,Employed,Improved
B1949,Female,21,Dehradun,Uttarakhand,Employment Readiness,2025-09-20,8,4157,Completed,54,74,37.04,Unemployed,Improved
B1950,Female,37,Haridwar,Uttarakhand,Digital Literacy,2025-11-07,8,1912,Completed,41,65,58.54,Unemployed,Improved
B1951,Male,31,Dehradun,Uttarakhand,Skill Development,2024-06-26,8,1004,Completed,31,52,67.74,Unemployed,Improved
B1952,Male,36,Nainital,Uttarakhand,Skill Development,2025-08-05,4,1024,Incomplete,44,53,20.45,Unemployed,Improved
B1953,Male,40,Haridwar,Uttarakhand,Skill Development,2024-11-03,4,2311,Completed,44,64,45.45,Unemployed,Improved
B1954,Male,36,Nainital,Uttarakhand,Digital Literacy,2024-11-16,6,4377,Incomplete,26,59,126.92,Unemployed,Improved
B1955,Female,44,Dehradun,Uttarakhand,Skill Development,2024-03-02,8,2723,Completed,41,61,48.78,Employed,Improved
B1956,Female,33,Nainital,Uttarakhand,Skill Development,2024-06-28,8,1151,Completed,46,52,13.04,Unemployed,Not Improved
B1957,Male,35,Haridwar,Uttarakhand,Digital Literacy,2025-11-20,4,2616,Completed,47,78,65.96,Employed,Improved
B1958,Female,33,Dehradun,Uttarakhand,Employment Readiness,2024-06-21,8,2670,Completed,58,94,62.07,Unemployed,Improved
B1959,Female,42,Haridwar,Uttarakhand,Employment Readiness,2024-06-10,6,1894,Completed,29,39,34.48,Unemployed,Improved
B1960,Female,20,Nainital,Uttarakhand,Employment Readiness,2024-10-10,4,2542,Completed,51,64,25.49,Employed,Improved
B1961,Female,23,Haridwar,Uttarakhand,Employment Readiness,2025-04-18,4,3221,Completed,36,50,38.89,Employed,Improved
B1962,Male,45,Roorkee,Uttarakhand,Employment Readiness,2024-03-28,8,2175,Completed,66,100,51.52,Unemployed,Improved
B1963,Male,22,Roorkee,Uttarakhand,Employment Readiness,2025-02-15,6,3815,Completed,37,65,75.68,Employed,Improved
B1964,Female,31,Roorkee,Uttarakhand,Employment Readiness,2025-01-27,6,4248,Completed,31,43,38.71,Unemployed,Improved
B1965,Male,33,Haridwar,Uttarakhand,Employment Readiness,2024-11-16,4,4020,Completed,25,64,156.0,Employed,Improved
B1966,Female,33,Roorkee,Uttarakhand,Digital Literacy,2024-05-13,8,1616,Completed,22,62,181.82,Unemployed,Improved
B1967,Male,30,Haridwar,Uttarakhand,Employment Readiness,2024-09-02,4,2163,Completed,61,82,34.43,Employed,Improved
B1968,Female,39,Roorkee,Uttarakhand,Skill Development,2025-02-24,8,2376,Completed,65,98,50.77,Unemployed,Improved
B1969,Female,26,Dehradun,Uttarakhand,Skill Development,2025-07-15,8,3772,Incomplete,53,66,24.53,Unemployed,Improved
B1970,Female,27,Haridwar,Uttarakhand,Skill Development,2025-10-11,8,1603,Completed,24,62,158.33,Employed,Improved
B1971,Male,42,Nainital,Uttarakhand,Skill Development,2024-12-05,4,2089,Completed,21,37,76.19,Unemployed,Improved
B1972,Male,34,Dehradun,Uttarakhand,Skill Development,2024-07-27,4,4313,Completed,38,58,52.63,Unemployed,Improved
B1973,Female,40,Udham Singh Nagar,Uttarakhand,Employment Readiness,2024-12-30,8,4762,Completed,25,60,140.0,Unemployed,Improved
B1974,Female,33,Udham Singh Nagar,Uttarakhand,Employment Readiness,2024-09-28,4,2180,Completed,36,62,72.22,Unemployed,Improved
B1975,Female,34,Roorkee,Uttarakhand,Employment Readiness,2025-04-20,6,2027,Completed,26,43,65.38,Unemployed,Improved
B1976,Female,21,Udham Singh Nagar,Uttarakhand,Skill Development,2025-09-26,4,1097,Completed,29,66,127.59,Employed,Improved
B1977,Male,32,Udham Singh Nagar,Uttarakhand,Employment Readiness,2025-05-19,8,2848,Completed,29,56,93.1,Employed,Improved
B1978,Female,34,Udham Singh Nagar,Uttarakhand,Digital Literacy,2024-09-07,8,3536,Completed,45,55,22.22,Employed,Improved
B1979,Female,40,Haridwar,Uttarakhand,Employment Readiness,2024-01-15,4,4923,Completed,64,75,17.19,Unemployed,Not Improved
B1980,Male,22,Udham Singh Nagar,Uttarakhand,Employment Readiness,2024-09-16,6,3404,Completed,53,85,60.38,Employed,Improved
B1981,Male,29,Dehradun,Uttarakhand,Employment Readiness,2024-12-02,6,3640,Completed,21,26,23.81,Unemployed,Improved
B1982,Male,31,Nainital,Uttarakhand,Digital Literacy,2025-03-18,4,3367,Incomplete,22,30,36.36,Employed,Improved
B1983,Female,43,Nainital,Uttarakhand,Skill Development,2025-11-22,8,4481,Completed,31,42,35.48,Employed,Improved
B1984,Female,36,Nainital,Uttarakhand,Skill Development,2025-06-10,8,2610,Completed,21,46,119.05,Unemployed,Improved
B1985,Male,21,Roorkee,Uttarakhand,Employment Readiness,2025-06-21,6,2358,Completed,48,87,81.25,Unemployed,Improved
B1986,Female,29,Haridwar,Uttarakhand,Employment Readiness,2025-01-25,4,2316,Completed,41,51,24.39,Unemployed,Improved
B1987,Female,45,Udham Singh Nagar,Uttarakhand,Skill Development,2025-07-29,8,4490,Completed,35,56,60.0,Employed,Improved
B1988,Male,23,Haridwar,Uttarakhand,Skill Development,2024-01-09,8,3754,Completed,36,67,86.11,Unemployed,Improved
B1989,Female,39,Dehradun,Uttarakhand,Employment Readiness,2024-07-30,4,4817,Incomplete,29,58,100.0,Employed,Improved
B1990,Female,42,Udham Singh Nagar,Uttarakhand,Skill Development,2025-09-12,6,3634,Incomplete,47,79,68.09,Employed,Improved
B1991,Female,18,Roorkee,Uttarakhand,Employment Readiness,2025-03-13,8,3813,Completed,43,62,44.19,Unemployed,Improved
B1992,Male,29,Nainital,Uttarakhand,Digital Literacy,2024-05-17,4,1360,Completed,63,93,47.62,Unemployed,Improved
B1993,Male,28,Udham Singh Nagar,Uttarakhand,Digital Literacy,2025-10-12,4,3001,Completed,37,77,108.11,Employed,Improved
B1994,Male,30,Roorkee,Uttarakhand,Employment Readiness,2024-02-15,6,4348,Completed,50,60,20.0,Employed,Improved
B1995,Male,23,Dehradun,Uttarakhand,Employment Readiness,2024-09-23,8,4378,Completed,67,90,34.33,Employed,Improved
B1996,Male,42,Roorkee,Uttarakhand,Employment Readiness,2024-12-25,6,1349,Incomplete,32,53,65.62,Employed,Improved
B1997,Female,22,Dehradun,Uttarakhand,Skill Development,2025-04-23,6,1119,Incomplete,46,60,30.43,Employed,Improved
B1998,Female,23,Dehradun,Uttarakhand,Employment Readiness,2025-01-15,4,4618,Completed,63,100,58.73,Employed,Improved
B1999,Male,30,Dehradun,Uttarakhand,Employment Readiness,2025-08-24,6,3709,Completed,33,59,78.79,Employed,Improved
B2000,Male,44,Roorkee,Uttarakhand,Skill Development,2025-03-02,4,2438,Completed,26,36,38.46,Unemployed,Improved
